{"repoSenseVersion":"387401fa99","reportGeneratedTime":"Tue Sep 14 08:02:48 2021 UTC+08:00","reportGenerationTime":" 1 minute(s) 11.50 second(s)","zoneId":"UTC+08:00","reportTitle":"RepoSense Report","repos":[{"location":{"location":"https://github.com/CATcher-org/CATcher.git","repoName":"CATcher","organization":"CATcher-org"},"branch":"master","displayName":"CATcher-org/CATcher[master]","outputFolderName":"CATcher-org_CATcher_master"},{"location":{"location":"https://github.com/MarkBind/markbind.git","repoName":"markbind","organization":"MarkBind"},"branch":"master","displayName":"MarkBind/markbind[master]","outputFolderName":"MarkBind_markbind_master"},{"location":{"location":"https://github.com/reposense/RepoSense.git","repoName":"RepoSense","organization":"reposense"},"branch":"master","displayName":"reposense/RepoSense[master]","outputFolderName":"reposense_RepoSense_master"},{"location":{"location":"https://github.com/teammates/TEAMMATES.git","repoName":"TEAMMATES","organization":"teammates"},"branch":"master","displayName":"teammates/TEAMMATES[master]","outputFolderName":"teammates_TEAMMATES_master"}],"errorList":[],"sinceDate":"2021-06-02","untilDate":"2021-09-14","isSinceDateProvided":false,"isUntilDateProvided":false}
