{"repoSenseVersion":"v1.14","reportGeneratedTime":"Sat Oct 2 08:02:46 2021 UTC+08:00","reportGenerationTime":" 1 minute(s) 5.84 second(s)","zoneId":"UTC+08:00","reportTitle":"RepoSense Report","repos":[{"location":{"location":"https://github.com/CATcher-org/CATcher.git","repoName":"CATcher","organization":"CATcher-org"},"branch":"master","displayName":"CATcher-org/CATcher[master]","outputFolderName":"CATcher-org_CATcher_master"},{"location":{"location":"https://github.com/teammates/TEAMMATES.git","repoName":"TEAMMATES","organization":"teammates"},"branch":"master","displayName":"teammates/TEAMMATES[master]","outputFolderName":"teammates_TEAMMATES_master"}],"errorList":[{"repoName":"MarkBind/markbind[master]","errorMessage":"Unexpected error stack trace for https://github.com/MarkBind/markbind.git:\n\u003ejava.lang.NumberFormatException: For input string: \"2226.E2226E22\"\n\tat java.base/jdk.internal.math.FloatingDecimal.readJavaFormatString(FloatingDecimal.java:2054)\n\tat java.base/jdk.internal.math.FloatingDecimal.parseDouble(FloatingDecimal.java:110)\n\tat java.base/java.lang.Double.parseDouble(Double.java:543)\n\tat java.base/java.text.DigitList.getDouble(DigitList.java:169)\n\tat java.base/java.text.DecimalFormat.parse(DecimalFormat.java:2126)\n\tat java.base/java.text.SimpleDateFormat.subParse(SimpleDateFormat.java:2240)\n\tat java.base/java.text.SimpleDateFormat.parse(SimpleDateFormat.java:1541)\n\tat java.base/java.text.DateFormat.parse(DateFormat.java:393)\n\tat reposense.commits.CommitInfoAnalyzer.analyzeCommit(CommitInfoAnalyzer.java:92)\n\tat reposense.commits.CommitInfoAnalyzer.lambda$analyzeCommits$0(CommitInfoAnalyzer.java:71)\n\tat java.base/java.util.stream.ReferencePipeline$3$1.accept(ReferencePipeline.java:195)\n\tat java.base/java.util.ArrayList$ArrayListSpliterator.forEachRemaining(ArrayList.java:1655)\n\tat java.base/java.util.stream.AbstractPipeline.copyInto(AbstractPipeline.java:484)\n\tat java.base/java.util.stream.AbstractPipeline.wrapAndCopyInto(AbstractPipeline.java:474)\n\tat java.base/java.util.stream.ReduceOps$ReduceOp.evaluateSequential(ReduceOps.java:913)\n\tat java.base/java.util.stream.AbstractPipeline.evaluate(AbstractPipeline.java:234)\n\tat java.base/java.util.stream.ReferencePipeline.collect(ReferencePipeline.java:578)\n\tat reposense.commits.CommitInfoAnalyzer.analyzeCommits(CommitInfoAnalyzer.java:76)\n\tat reposense.commits.CommitsReporter.generateCommitSummary(CommitsReporter.java:21)\n\tat reposense.report.ReportGenerator.analyzeRepo(ReportGenerator.java:375)\n\tat reposense.report.ReportGenerator.analyzeRepos(ReportGenerator.java:327)\n\tat reposense.report.ReportGenerator.lambda$cloneAndAnalyzeRepos$1(ReportGenerator.java:237)\n\tat java.base/java.util.concurrent.CompletableFuture$UniApply.tryFire(CompletableFuture.java:642)\n\tat java.base/java.util.concurrent.CompletableFuture$Completion.run(CompletableFuture.java:478)\n\tat java.base/java.util.concurrent.ThreadPoolExecutor.runWorker(ThreadPoolExecutor.java:1128)\n\tat java.base/java.util.concurrent.ThreadPoolExecutor$Worker.run(ThreadPoolExecutor.java:628)\n\tat java.base/java.lang.Thread.run(Thread.java:829)\n"},{"repoName":"reposense/RepoSense[master]","errorMessage":"Unexpected error stack trace for https://github.com/reposense/RepoSense.git:\n\u003ejava.lang.NumberFormatException: For input string: \"2226.E2226E22\"\n\tat java.base/jdk.internal.math.FloatingDecimal.readJavaFormatString(FloatingDecimal.java:2054)\n\tat java.base/jdk.internal.math.FloatingDecimal.parseDouble(FloatingDecimal.java:110)\n\tat java.base/java.lang.Double.parseDouble(Double.java:543)\n\tat java.base/java.text.DigitList.getDouble(DigitList.java:169)\n\tat java.base/java.text.DecimalFormat.parse(DecimalFormat.java:2126)\n\tat java.base/java.text.SimpleDateFormat.subParse(SimpleDateFormat.java:2240)\n\tat java.base/java.text.SimpleDateFormat.parse(SimpleDateFormat.java:1541)\n\tat java.base/java.text.DateFormat.parse(DateFormat.java:393)\n\tat reposense.commits.CommitInfoAnalyzer.analyzeCommit(CommitInfoAnalyzer.java:92)\n\tat reposense.commits.CommitInfoAnalyzer.lambda$analyzeCommits$0(CommitInfoAnalyzer.java:71)\n\tat java.base/java.util.stream.ReferencePipeline$3$1.accept(ReferencePipeline.java:195)\n\tat java.base/java.util.ArrayList$ArrayListSpliterator.forEachRemaining(ArrayList.java:1655)\n\tat java.base/java.util.stream.AbstractPipeline.copyInto(AbstractPipeline.java:484)\n\tat java.base/java.util.stream.AbstractPipeline.wrapAndCopyInto(AbstractPipeline.java:474)\n\tat java.base/java.util.stream.ReduceOps$ReduceOp.evaluateSequential(ReduceOps.java:913)\n\tat java.base/java.util.stream.AbstractPipeline.evaluate(AbstractPipeline.java:234)\n\tat java.base/java.util.stream.ReferencePipeline.collect(ReferencePipeline.java:578)\n\tat reposense.commits.CommitInfoAnalyzer.analyzeCommits(CommitInfoAnalyzer.java:76)\n\tat reposense.commits.CommitsReporter.generateCommitSummary(CommitsReporter.java:21)\n\tat reposense.report.ReportGenerator.analyzeRepo(ReportGenerator.java:375)\n\tat reposense.report.ReportGenerator.analyzeRepos(ReportGenerator.java:327)\n\tat reposense.report.ReportGenerator.lambda$cloneAndAnalyzeRepos$1(ReportGenerator.java:237)\n\tat java.base/java.util.concurrent.CompletableFuture$UniApply.tryFire(CompletableFuture.java:642)\n\tat java.base/java.util.concurrent.CompletableFuture$Completion.run(CompletableFuture.java:478)\n\tat java.base/java.util.concurrent.ThreadPoolExecutor.runWorker(ThreadPoolExecutor.java:1128)\n\tat java.base/java.util.concurrent.ThreadPoolExecutor$Worker.run(ThreadPoolExecutor.java:628)\n\tat java.base/java.lang.Thread.run(Thread.java:829)\n"}],"sinceDate":"2021-06-20","untilDate":"2021-10-02","isSinceDateProvided":false,"isUntilDateProvided":false}
