{"repoSenseVersion":"96261e65f5","reportGeneratedTime":"Wed Jul 7 03:22:03 2021 UTC+08:00","reportGenerationTime":" 13.63 second(s)","zoneId":"UTC+08:00","reportTitle":"RepoSense Report","repos":[{"location":{"location":"https://github.com/CATcher-org/CATcher.git","repoName":"CATcher","organization":"CATcher-org"},"branch":"master","displayName":"CATcher-org/CATcher[master]","outputFolderName":"CATcher-org_CATcher_master"},{"location":{"location":"https://github.com/MarkBind/MarkBind.git","repoName":"MarkBind","organization":"MarkBind"},"branch":"master","displayName":"MarkBind/MarkBind[master]","outputFolderName":"MarkBind_MarkBind_master"},{"location":{"location":"https://github.com/RepoSense/RepoSense.git","repoName":"RepoSense","organization":"RepoSense"},"branch":"master","displayName":"RepoSense/RepoSense[master]","outputFolderName":"RepoSense_RepoSense_master"}],"errorList":[{"repoName":"https://github.com/RepoSense/RepoSense","errorMessage":"https://github.com/RepoSense/RepoSense is an invalid location."},{"repoName":"https://github.com/RepoSense/TEAMMATES","errorMessage":"https://github.com/RepoSense/TEAMMATES is an invalid location."},{"repoName":"https://github.com/RepoSense/TEAMMATES","errorMessage":"https://github.com/RepoSense/TEAMMATES is an invalid location."},{"repoName":"https://github.com/CATcher-org/CATcher","errorMessage":"https://github.com/CATcher-org/CATcher is an invalid location."},{"repoName":"https://github.com/MarkBind/MarkBind","errorMessage":"https://github.com/MarkBind/MarkBind is an invalid location."},{"repoName":"https://github.com/RepoSense/TEAMMATES","errorMessage":"https://github.com/RepoSense/TEAMMATES is an invalid location."},{"repoName":"https://github.com/RepoSense/TEAMMATES","errorMessage":"https://github.com/RepoSense/TEAMMATES is an invalid location."},{"repoName":"https://github.com/RepoSense/TEAMMATES","errorMessage":"https://github.com/RepoSense/TEAMMATES is an invalid location."},{"repoName":"https://github.com/RepoSense/RepoSense","errorMessage":"https://github.com/RepoSense/RepoSense is an invalid location."},{"repoName":"https://github.com/RepoSense/TEAMMATES","errorMessage":"https://github.com/RepoSense/TEAMMATES is an invalid location."},{"repoName":"https://github.com/CATcher-org/CATcher","errorMessage":"https://github.com/CATcher-org/CATcher is an invalid location."},{"repoName":"https://github.com/CATcher-org/CATcher","errorMessage":"https://github.com/CATcher-org/CATcher is an invalid location."},{"repoName":"https://github.com/RepoSense/RepoSense","errorMessage":"https://github.com/RepoSense/RepoSense is an invalid location."},{"repoName":"https://github.com/RepoSense/RepoSense","errorMessage":"https://github.com/RepoSense/RepoSense is an invalid location."},{"repoName":"RepoSense/TEAMMATES[master]","errorMessage":"Failed to clone from https://github.com/RepoSense/TEAMMATES.git"}],"sinceDate":"2021-03-24","untilDate":"2021-07-06","isSinceDateProvided":false,"isUntilDateProvided":false}
