{"authorDailyContributionsMap":{"AudreyFelicio":[{"date":"2021-06-24","commitResults":[{"hash":"ea4b96789e81073e9a219f7b7177cd3934da7339","messageTitle":"Bug report / Team response: Replace placeholder text with a hint (#716)","messageBody":"When a user opens a new bug report / new team response,\r\nthe response form gets filled in with some placeholder text.\r\n\r\nUsers sometimes wish to submit their bug report / team response\r\nwithout a written response. In these cases, they have to manually\r\ndelete the placeholder text, before submitting the form.\r\n\r\nLet\u0027s replace the placeholder text with a hint, to make\r\nthe user experience smoother.","fileTypesAndContributionMap":{"html":{"insertions":3,"deletions":3},"ts":{"insertions":3,"deletions":2}}}]},{"date":"2021-06-30","commitResults":[{"hash":"0631ca04ca4af5dba0f2dff3011fc688c9323afc","messageTitle":"Issue model: Remove unnecessary ternary operators (#715)","messageBody":"Let\u0027s improve readability by removing the\r\nternary operator from some long / confusing statements\r\nin the Issue class.","fileTypesAndContributionMap":{"ts":{"insertions":7,"deletions":9}}}]}],"ducbinh2611":[],"zatkiller":[{"date":"2021-06-26","commitResults":[{"hash":"c5629d4092a7b4098fc9e0290abb090e995f823b","messageTitle":"AuthComponent: Log the selected settings repo (#720)","messageBody":"For easier troubleshooting, let\u0027s log the name of the settings repo\r\nselected by the user.","fileTypesAndContributionMap":{"ts":{"insertions":2,"deletions":0}}}]},{"date":"2021-07-04","commitResults":[{"hash":"146766cf46e24ff8289bc983def4ee50c1f077b4","messageTitle":"PhaseService#storeSessionData: Remove current phase verification (#721)","messageBody":"As the `assertSessionDataIntegrity` operator already performs\r\nvalidation of the session data, there is no need to validate the\r\ncurrent phase again in the PhaseService#storeSessionData method.\r\n\r\nLet\u0027s remove the additional check in PhaseService#storeSessionData.","fileTypesAndContributionMap":{"ts":{"insertions":9,"deletions":13}}}]}]},"authorFileTypeContributionMap":{"AudreyFelicio":{"js":0,"css":0,"html":2,"ts":10},"ducbinh2611":{"js":0,"css":0,"html":0,"ts":0},"zatkiller":{"js":0,"css":0,"html":0,"ts":11}},"authorContributionVariance":{"AudreyFelicio":4.334394,"ducbinh2611":0.0,"zatkiller":5.6614532},"authorDisplayNameMap":{"AudreyFelicio":"AUDR..NWAR","ducbinh2611":"NGO ..BINH","zatkiller":"DYLA..KANG"}}
