{"authorDailyContributionsMap":{"Audrey Felicio Anwar":[{"date":"2021-06-24","commitResults":[{"hash":"ea4b96789e81073e9a219f7b7177cd3934da7339","messageTitle":"Bug report / Team response: Replace placeholder text with a hint (#716)","messageBody":"When a user opens a new bug report / new team response,\r\nthe response form gets filled in with some placeholder text.\r\n\r\nUsers sometimes wish to submit their bug report / team response\r\nwithout a written response. In these cases, they have to manually\r\ndelete the placeholder text, before submitting the form.\r\n\r\nLet\u0027s replace the placeholder text with a hint, to make\r\nthe user experience smoother.","fileTypesAndContributionMap":{"html":{"insertions":3,"deletions":3},"ts":{"insertions":3,"deletions":2}}}]},{"date":"2021-06-30","commitResults":[{"hash":"0631ca04ca4af5dba0f2dff3011fc688c9323afc","messageTitle":"Issue model: Remove unnecessary ternary operators (#715)","messageBody":"Let\u0027s improve readability by removing the\r\nternary operator from some long / confusing statements\r\nin the Issue class.","fileTypesAndContributionMap":{"ts":{"insertions":7,"deletions":9}}}]}],"Low Jun Kai, Sean":[{"date":"2021-03-24","commitResults":[{"hash":"84171c1687de7cc86993a4fd106859ef2e533968","messageTitle":"RepoCreatorService: Create custom operators for attempting repo creation (#634)","messageBody":"To improve readability of the session setup code in PhaseService,\r\nlet\u0027s shift the phase details verification and repo creation code \r\ninto two, separate custom operators in  RepoCreatorService.\r\n\r\nLet\u0027s also add tests for these custom operators.","fileTypesAndContributionMap":{"ts":{"insertions":132,"deletions":38}}}]},{"date":"2021-03-29","commitResults":[{"hash":"01ce27eb79c9ac97f1199060d2e52ca90b5d57f4","messageTitle":"Include app version number in header and logs (#659)","messageBody":"The app version number is displayed in the page title.\r\nTo aid debugging, let\u0027s give the version number more\r\nprominence by displaying it on the header\r\nand recording it in the logs too.\r\n\r\nLet\u0027s move the version number to the AppConfig,\r\nso we have a slightly neater method of accessing the\r\nversion number in various services and components.","fileTypesAndContributionMap":{"html":{"insertions":2,"deletions":1},"ts":{"insertions":17,"deletions":5}}}]},{"date":"2021-04-05","commitResults":[{"hash":"5ba93d40a1178c132c7b77646e24c382f9003774","messageTitle":"RepoCreatorService: Create custom operators for permissions request (#671)","messageBody":"To improve readability of the session setup code, let\u0027s shift the \r\nrequest for repo creation permissions code into a custom operator\r\nin RepoCreatorService.\r\n  \r\nLet\u0027s also add tests for this custom operator.","fileTypesAndContributionMap":{"ts":{"insertions":74,"deletions":33}}}]},{"date":"2021-04-19","commitResults":[{"hash":"e253dfbe75cd774b2be85115ceeee47df0a24195","messageTitle":"ProfileService: read profiles from client data repo (#661)","messageBody":"The app\u0027s default profiles are stored within the\r\ncodebase (in the AppConfig). Hence, updating the profiles\r\nrequires us to release / deploy a new version of CATcher.\r\n\r\nLet\u0027s fetch the profiles from a client data repository instead.\r\nThis makes it possible to update the profiles\r\nwithout modifying our codebase.\r\n\r\nWe can define a new ProfileService that uses a HTTP request\r\nto fetch these profiles from the repo.","fileTypesAndContributionMap":{"ts":{"insertions":133,"deletions":60}}}]},{"date":"2021-06-01","commitResults":[{"hash":"a685122b7b3515a3f105cead2e9274498d723ba8","messageTitle":"Markdown Links: Fix redirection href values  (#666)","messageBody":"Markdown links: Fix redirection href values\r\n\r\nOur application crashes when an invalid link is rendered as HTML \r\nand the user clicks on the HTML Link. This is because there are no\r\nchecks done before the link is rendered. \r\n\r\nLet\u0027s open these links in a new tabs and propagate these errors there \r\nsuch that current users do not lose their current progress with respect \r\nto bug reports and other form data. ","fileTypesAndContributionMap":{"ts":{"insertions":40,"deletions":9}}}]}],"Dylan Ghee":[{"date":"2021-06-26","commitResults":[{"hash":"c5629d4092a7b4098fc9e0290abb090e995f823b","messageTitle":"AuthComponent: Log the selected settings repo (#720)","messageBody":"For easier troubleshooting, let\u0027s log the name of the settings repo\r\nselected by the user.","fileTypesAndContributionMap":{"ts":{"insertions":2,"deletions":0}}}]},{"date":"2021-07-04","commitResults":[{"hash":"146766cf46e24ff8289bc983def4ee50c1f077b4","messageTitle":"PhaseService#storeSessionData: Remove current phase verification (#721)","messageBody":"As the `assertSessionDataIntegrity` operator already performs\r\nvalidation of the session data, there is no need to validate the\r\ncurrent phase again in the PhaseService#storeSessionData method.\r\n\r\nLet\u0027s remove the additional check in PhaseService#storeSessionData.","fileTypesAndContributionMap":{"ts":{"insertions":9,"deletions":13}}}]}],"ducbinh2611":[],"Anubhav":[{"date":"2021-06-28","commitResults":[{"hash":"61c7fd5dd76c0e1d28e8d3f92df28b1bfd671fc0","messageTitle":"Upgrade to Electron v11 (#717)","messageBody":"We are using Electron v9, which is no longer supported by the\r\nElectron team. Let\u0027s incrementally adopt newer versions of\r\nElectron, starting with v11.\r\n\r\nTo adopt Electron v11, all usages of the `remote` module have been\r\nremoved from ElectronService. This is because the Electron team\r\nis planning to deprecate the `remote` module. This module is disabled\r\nby default from Electron v10 onwards, marked for deprecation in v12,\r\nand set for removal in v14.\r\n\r\nThe affected functionality has been re-implemented in the main\r\nprocess code (main.ts and electron-utils/menu-bar.ts).\r\n\r\nThis change only involves functionality in the desktop app.\r\n(specifically, the ability to open external links, clear cookies\r\nand the \"Inspect Element\" feature).\r\n\r\nDetails on the deprecation of `remote` module can be found at:\r\n- https://www.electronjs.org/docs/api/remote\r\n- https://github.com/electron/electron/issues/21408\r\n- https://www.electronjs.org/docs/breaking-changes#deprecated-remote-module\r\n","fileTypesAndContributionMap":{"ts":{"insertions":48,"deletions":38}}}]}],"Kang Su Min":[{"date":"2021-04-10","commitResults":[{"hash":"f005ee53ad4e95dd4e6b6dcbc11641d1f80e0525","messageTitle":"SessionFixConfirmationComponent: Fix bug in permission prompt (#676)","messageBody":"When CATcher requests permission to create a repo for bug reporting\r\nphase, selecting \"No thanks\" does not prevent repo creation.\r\nThe app proceeds as if \"Yes\" was selected.\r\n\r\nLet\u0027s fix this bug by ensuring that SessionFixConfirmationComponent\r\nreturns `false` (and not `undefined`) when \"No thanks\" is selected.","fileTypesAndContributionMap":{"html":{"insertions":1,"deletions":1},"ts":{"insertions":0,"deletions":4}}}]},{"date":"2021-04-15","commitResults":[{"hash":"86d84749258cae320cdedf6174fe9f2d72fd7943","messageTitle":"IssuesDataTable: Move pagination logic into separate module, add tests (#668)","messageBody":"Logic for paginating issues\r\nis defined in a private method within IssuesDataTable.\r\n\r\nMoving this logic to another module will improve separation of\r\nconcerns. Adding tests for this logic would help with future\r\nregression testing.\r\n\r\nLet\u0027s\r\n* Move logic for paginating issues to another\r\n  module\r\n* Rename method name to paginateData\r\n* Add tests for the module","fileTypesAndContributionMap":{"ts":{"insertions":81,"deletions":13}}}]},{"date":"2021-05-19","commitResults":[{"hash":"71b246e346c5fb40a03b593a603357c8b8ee4849","messageTitle":"DuplicatedIssuesComponent: Add tests (#675)","messageBody":"DuplicatedIssuesComponent lacks tests to ensure that it correctly\r\ndisplays duplicate issues and can remove duplicate status.\r\n\r\nLet\u0027s use Angular\u0027s DOM testing utilities to test that it\r\n- displays all duplicated issues\r\n- allows cancellation of duplicate status based on permissions\r\n- removes duplicate status once user chooses cancel option","fileTypesAndContributionMap":{"ts":{"insertions":222,"deletions":55}}}]}],"ptvrajsk":[{"date":"2021-03-26","commitResults":[{"hash":"1951241b87cfd53181eb828d6a077b113fa490ec","messageTitle":"Tester Response: Replace checkbox with radio buttons (#618)","messageBody":"In the tester response phase, if the tester agrees with the\r\nteam\u0027s response, she needs to save the response without modifying\r\nanything else, in order for the agreement to be recorded.\r\n\r\nLet\u0027s provide a more intuitive method of \"agreeing with the\r\nteam\u0027s response\" by using radio buttons that allow the user\r\nto explicitly choose between \u0027I Disagree\u0027 and \u0027I Agree\u0027.\r\n\r\nThese radio buttons replace the checkbox control in the\r\ntester response form.","fileTypesAndContributionMap":{"css":{"insertions":4,"deletions":0},"html":{"insertions":14,"deletions":8},"ts":{"insertions":35,"deletions":27}}}]},{"date":"2021-03-31","commitResults":[{"hash":"189d9165d99e6c16a9a4ca40c4711574c8090ebf","messageTitle":"E2E Testing: Add test for new bug report creation (#596)","messageBody":"To guard against regressions, let\u0027s add an E2E test that runs\r\nthe app through the entire sequence of steps taken when\r\ncreating a bug report.\r\n\r\nThese are:\r\n- Clicking the \u0027New Issue\u0027 button\r\n- Filling Issue Title + Description\r\n- Selecting Issue Type + Severity\r\n- Clicking Submit\r\n- Verifying that new issue is reflected in the table of issues\r\n\r\nWhen writing E2E tests, if you need to perform\r\nmultiple dropdown option selections, please refer\r\nto PR #596 or selectDropDownOption in newIssue.po.ts\r\nfor information.","fileTypesAndContributionMap":{"html":{"insertions":6,"deletions":6},"ts":{"insertions":152,"deletions":21}}}]},{"date":"2021-04-05","commitResults":[{"hash":"824afd5c02d865e62673b7ac04e46bb4edc214e0","messageTitle":"Maintain session ID through phase change (#672)","messageBody":"When the app navigates to a different phase, the IssueService\u0027s\r\nsession id is set to \"undefined\". Subsequently, any new bug reports\r\nwill have a meaningless (undefined) session id in their hidden data.\r\n\r\nThe session id should remain unmodified, even when switching between\r\nphases. This will provide more flexibility for using the app.\r\n\r\nTo achieve this,\r\nlet\u0027s add a boolean parameter to the IssueService\u0027s reset logic,\r\nto check if a session id reset is necessary when resetting data within\r\nthe IssueService.","fileTypesAndContributionMap":{"ts":{"insertions":8,"deletions":5}}}]},{"date":"2021-04-19","commitResults":[{"hash":"8507c299e77b337856ad6286539dbb82dffbbfb5","messageTitle":"Added Logging to Issue Table Actions (#678)","messageBody":"Logging has been limited in capturing user actions with the\r\nIssueTable Component. To Fix this, all user actions tied to the\r\ncomponent will be logged.","fileTypesAndContributionMap":{"html":{"insertions":3,"deletions":3},"ts":{"insertions":20,"deletions":2}}}]},{"date":"2021-04-25","commitResults":[{"hash":"c0324100c1a498632f0d42656b649e622ff25f4b","messageTitle":"Fix logging into non bugreporting phase (#691)","messageBody":"There is an error incorrectly thrown in the log-in process,\r\nwhen the bug reporting phase is not the first open phase.\r\n\r\nThis has been fixed with an additional check during session setup.","fileTypesAndContributionMap":{"ts":{"insertions":4,"deletions":0}}}]}],"Ding YuChen":[{"date":"2021-03-24","commitResults":[{"hash":"5d068dce911f9247adf5d62d0e383a5e77d92693","messageTitle":"Include version number in issues created (#656)","messageBody":"We don\u0027t have a way of detecting which version of CATcher\r\nwas used to create a bug report.\r\n\r\nLet\u0027s\r\n* Include the CATcher version number in issues created\r\n* Include the CATcher client being used (Desktop or Web)\r\n\r\nThis information will be stored in a HTML comment\r\nof the form: \"Version: {Web|Desktop} vX.X.X\".\r\n\r\nFor example:\r\n- \u003c!--Version: Web v3.3.7--\u003e\r\n- \u003c!--Version: Desktop v3.3.6--\u003e","fileTypesAndContributionMap":{"ts":{"insertions":26,"deletions":12}}}]},{"date":"2021-05-13","commitResults":[{"hash":"65988d13b1ca2cde0872efb8b4301305861e4870","messageTitle":"Issues Faulty Component: Decompose logical expressions into methods (#683)","messageBody":"IssuesFaultyComponent: Decompose logical expressions into methods\r\n\r\nLogic expression for initialising default filter for\r\nIssuesFaultyComponent is too long and has no tests. \r\n\r\nLet\u0027s\r\n* decompose the logic expression to improve readability \r\n* add tests for default filter initialisation","fileTypesAndContributionMap":{"ts":{"insertions":74,"deletions":5}}}]},{"date":"2021-05-24","commitResults":[{"hash":"1314b9421c3adfead1b037bc91d15c7ba8b78d1c","messageTitle":"Add stack trace for errors (#682)","messageBody":"Logs only contain error messages but do not include where the error was propagated, \r\nand lack context.\r\n\r\nLet\u0027s \r\n* add a stack trace of the errors captured in the log file","fileTypesAndContributionMap":{"ts":{"insertions":17,"deletions":4}}}]}],"Damith C. Rajapakse":[]},"authorFileTypeContributionMap":{"Audrey Felicio Anwar":{"js":0,"css":0,"html":2,"ts":10},"Low Jun Kai, Sean":{"js":0,"css":0,"html":2,"ts":392},"Dylan Ghee":{"js":0,"css":0,"html":0,"ts":11},"ducbinh2611":{"js":0,"css":0,"html":0,"ts":0},"Anubhav":{"js":0,"css":0,"html":0,"ts":48},"Kang Su Min":{"js":0,"css":0,"html":1,"ts":303},"ptvrajsk":{"js":0,"css":4,"html":21,"ts":217},"Ding YuChen":{"js":0,"css":0,"html":0,"ts":115},"Damith C. Rajapakse":{"js":0,"css":0,"html":0,"ts":0}},"authorContributionVariance":{"Audrey Felicio Anwar":3.5914795,"Low Jun Kai, Sean":754.86505,"Dylan Ghee":4.683571,"ducbinh2611":0.0,"Anubhav":71.10868,"Kang Su Min":817.68146,"ptvrajsk":407.34128,"Ding YuChen":77.09803,"Damith C. Rajapakse":0.0},"authorDisplayNameMap":{"Audrey Felicio Anwar":"Audrey Felicio Anwar","Low Jun Kai, Sean":"Low Jun Kai, Sean","Dylan Ghee":"Dylan Ghee","ducbinh2611":"ducbinh2611","Anubhav":"Anubhav","Kang Su Min":"Kang Su Min","ptvrajsk":"ptvrajsk","Ding YuChen":"Ding YuChen","Damith C. Rajapakse":"Damith C. Rajapakse"}}
