{"authorDailyContributionsMap":{"AudreyFelicio":[{"date":"2021-06-24","commitResults":[{"hash":"ea4b96789e81073e9a219f7b7177cd3934da7339","messageTitle":"Bug report / Team response: Replace placeholder text with a hint (#716)","messageBody":"When a user opens a new bug report / new team response,\r\nthe response form gets filled in with some placeholder text.\r\n\r\nUsers sometimes wish to submit their bug report / team response\r\nwithout a written response. In these cases, they have to manually\r\ndelete the placeholder text, before submitting the form.\r\n\r\nLet\u0027s replace the placeholder text with a hint, to make\r\nthe user experience smoother.","fileTypesAndContributionMap":{"html":{"insertions":3,"deletions":3},"ts":{"insertions":3,"deletions":2}}}]},{"date":"2021-06-30","commitResults":[{"hash":"0631ca04ca4af5dba0f2dff3011fc688c9323afc","messageTitle":"Issue model: Remove unnecessary ternary operators (#715)","messageBody":"Let\u0027s improve readability by removing the\r\nternary operator from some long / confusing statements\r\nin the Issue class.","fileTypesAndContributionMap":{"ts":{"insertions":7,"deletions":9}}}]},{"date":"2021-07-24","commitResults":[{"hash":"d2fadf93e82b79a574f37137aa466bfe22130943","messageTitle":"LoggingService: Improve tests by minimising implementation details (#725)","messageBody":"A lot of implementation details are used in the logging service tests.\r\nThis makes it difficult to maintain the tests, because we have to\r\nspend additional effort ensuring the test code\u0027s correctness.\r\nIn addition, it is difficult to refactor the logging service,\r\nas refactoring will also require changes to the test code.\r\n\r\nLet\u0027s redesign the tests such that they only use methods that\r\nare can be considered part of the logging service\u0027s public API.","fileTypesAndContributionMap":{"ts":{"insertions":136,"deletions":50}}}]}],"ducbinh2611":[],"zatkiller":[{"date":"2021-06-26","commitResults":[{"hash":"c5629d4092a7b4098fc9e0290abb090e995f823b","messageTitle":"AuthComponent: Log the selected settings repo (#720)","messageBody":"For easier troubleshooting, let\u0027s log the name of the settings repo\r\nselected by the user.","fileTypesAndContributionMap":{"ts":{"insertions":2,"deletions":0}}}]},{"date":"2021-07-04","commitResults":[{"hash":"146766cf46e24ff8289bc983def4ee50c1f077b4","messageTitle":"PhaseService#storeSessionData: Remove current phase verification (#721)","messageBody":"As the `assertSessionDataIntegrity` operator already performs\r\nvalidation of the session data, there is no need to validate the\r\ncurrent phase again in the PhaseService#storeSessionData method.\r\n\r\nLet\u0027s remove the additional check in PhaseService#storeSessionData.","fileTypesAndContributionMap":{"ts":{"insertions":9,"deletions":13}}}]},{"date":"2021-07-24","commitResults":[{"hash":"8c01f107b6c107b3b2800a21cb853bf6313a3de7","messageTitle":"Increase number of labels in a single fetch (#728)","messageBody":"We do not specify the number of labels to fetch when using the GitHub,\r\nAPI; hence it fetches a default number of 30 labels in a single fetch.\r\n\r\nFetching the maximum number of labels allowed by the API will allow\r\nus to fetch all labels in most repos and reduce chances of bugs\r\nthat occur when all labels are not fetched.\r\n\r\nLet\u0027s set the number of labels to be retrieved in a single\r\nfetch to be 100 (the maximum possible)","fileTypesAndContributionMap":{"ts":{"insertions":9,"deletions":1}}}]}]},"authorFileTypeContributionMap":{"AudreyFelicio":{"js":0,"css":0,"html":2,"ts":138},"ducbinh2611":{"js":0,"css":0,"html":0,"ts":0},"zatkiller":{"js":0,"css":0,"html":0,"ts":20}},"authorContributionVariance":{"AudreyFelicio":332.0842,"ducbinh2611":0.0,"zatkiller":5.546966},"authorDisplayNameMap":{"AudreyFelicio":"AUDR..NWAR","ducbinh2611":"NGO ..BINH","zatkiller":"DYLA..KANG"}}
