{"authorDailyContributionsMap":{"AudreyFelicio":[{"date":"2021-06-24","commitResults":[{"hash":"ea4b96789e81073e9a219f7b7177cd3934da7339","messageTitle":"Bug report / Team response: Replace placeholder text with a hint (#716)","messageBody":"When a user opens a new bug report / new team response,\r\nthe response form gets filled in with some placeholder text.\r\n\r\nUsers sometimes wish to submit their bug report / team response\r\nwithout a written response. In these cases, they have to manually\r\ndelete the placeholder text, before submitting the form.\r\n\r\nLet\u0027s replace the placeholder text with a hint, to make\r\nthe user experience smoother.","fileTypesAndContributionMap":{"html":{"insertions":3,"deletions":3},"ts":{"insertions":3,"deletions":2}}}]},{"date":"2021-06-30","commitResults":[{"hash":"0631ca04ca4af5dba0f2dff3011fc688c9323afc","messageTitle":"Issue model: Remove unnecessary ternary operators (#715)","messageBody":"Let\u0027s improve readability by removing the\r\nternary operator from some long / confusing statements\r\nin the Issue class.","fileTypesAndContributionMap":{"ts":{"insertions":7,"deletions":9}}}]},{"date":"2021-07-24","commitResults":[{"hash":"d2fadf93e82b79a574f37137aa466bfe22130943","messageTitle":"LoggingService: Improve tests by minimising implementation details (#725)","messageBody":"A lot of implementation details are used in the logging service tests.\r\nThis makes it difficult to maintain the tests, because we have to\r\nspend additional effort ensuring the test code\u0027s correctness.\r\nIn addition, it is difficult to refactor the logging service,\r\nas refactoring will also require changes to the test code.\r\n\r\nLet\u0027s redesign the tests such that they only use methods that\r\nare can be considered part of the logging service\u0027s public API.","fileTypesAndContributionMap":{"ts":{"insertions":136,"deletions":50}}}]},{"date":"2021-07-25","commitResults":[{"hash":"c585b2a9a8d980e16fc1ee99e25462726b9da2cc","messageTitle":"Web version auth: redirect to GitHub, instead of using pop-up (#729)","messageBody":"The web version of CATcher opens a pop-up window to visit\r\nthe GitHub login page.\r\n\r\nThis hampers the user experience slightly as users\r\nhave to enable pop-ups for CATcher, before using it.\r\nIn addition, we have to maintain code for managing the pop-up\r\nwindow.\r\n\r\nLet\u0027s make CATcher redirect to the GitHub login page\r\nwithin the same window, instead of using a pop-up.\r\nThis will make our code simpler, while eliminating\r\nconflicts arising from browser settings or pop-up blockers.","fileTypesAndContributionMap":{"ts":{"insertions":43,"deletions":84}}}]},{"date":"2021-07-31","commitResults":[{"hash":"d581fcb19f217be773c7cd268e7d6225b1ae9d9b","messageTitle":"CommentEditor: Ignore HTML input (#741)","messageBody":"HTML tags are rendered as-is in the text editor preview.\r\n\r\nFor better security, let\u0027s ignore HTML tags in the user input.\r\nWe can selectively allow some HTML tags in future.","fileTypesAndContributionMap":{"ts":{"insertions":1,"deletions":1}}}]},{"date":"2021-08-09","commitResults":[{"hash":"dbd8df4825127298990d21daa88b3f3ef9446a82","messageTitle":"Make Download Log Button Appear Before Login (#730)","messageBody":"Currently, download logs are only available after\nthe user has logged in.\n\nLet\u0027s make the download logs button available before\nthe user has logged in, so that we may attain\ninformation about errors before authentication.\n","fileTypesAndContributionMap":{"html":{"insertions":1,"deletions":2},"ts":{"insertions":5,"deletions":1}}}]}],"RuiFengg":[],"ducbinh2611":[{"date":"2021-08-01","commitResults":[{"hash":"e678209441d207fe8570d1c0042b98b1305f7751","messageTitle":"LoggingService: Move \"download as file\" logic, into separate module (#745)","messageBody":"The extractLogFile() method of LoggingService contains code that\r\nhandles creating and downloading the log file. This code is not\r\nstrongly related to logging.\r\n\r\nLet\u0027s move this file-downloading logic into a separate\r\nmodule to simplify and increase the modularity of LoggingService.","fileTypesAndContributionMap":{"ts":{"insertions":38,"deletions":16}}}]},{"date":"2021-08-08","commitResults":[{"hash":"574619c20bb8a52cb4eeb73c3bfa7f88d8389938","messageTitle":"LabelService: Create only the needed labels (#738)","messageBody":"When synchronising the repository in the user\u0027s account for Bug Reporting\r\nand Tester Response phases, CATcher automatically create labels that are\r\nunnecessary and unused. (e.g. status.* and responses.* labels).\r\nThese labels are used in the team response phase.\r\n\r\nWithin LabelService, let\u0027s separate the labels required for different\r\nphases so that only the relevant labels are created in the repository\r\n of the corresponding phase.","fileTypesAndContributionMap":{"ts":{"insertions":64,"deletions":25}}}]},{"date":"2021-08-13","commitResults":[{"hash":"e4b15a16fc292ce5232d7e9d9735fc9f0ad6b4ff","messageTitle":"Show Label definition (#726)","messageBody":"Certain labels (e.g type.Feature_Flaw) are ambiguous to the user.\r\n\r\nThe user might not fully understand what the scope of the label is and needs \r\nthe label reference from the CS2103T website to grasp its meaning. This \r\nbecomes troublesome for the user as they are unable to easily access the label \r\ndefinitions. \r\n\r\nLet\u0027s make use of the Angular Dialogue Material to display more information \r\nabout the label if the user chooses the read more about the label within the \r\napp itself.","fileTypesAndContributionMap":{"css":{"insertions":32,"deletions":0},"html":{"insertions":37,"deletions":9},"ts":{"insertions":237,"deletions":25}}}]}],"zatkiller":[{"date":"2021-06-26","commitResults":[{"hash":"c5629d4092a7b4098fc9e0290abb090e995f823b","messageTitle":"AuthComponent: Log the selected settings repo (#720)","messageBody":"For easier troubleshooting, let\u0027s log the name of the settings repo\r\nselected by the user.","fileTypesAndContributionMap":{"ts":{"insertions":2,"deletions":0}}}]},{"date":"2021-07-04","commitResults":[{"hash":"146766cf46e24ff8289bc983def4ee50c1f077b4","messageTitle":"PhaseService#storeSessionData: Remove current phase verification (#721)","messageBody":"As the `assertSessionDataIntegrity` operator already performs\r\nvalidation of the session data, there is no need to validate the\r\ncurrent phase again in the PhaseService#storeSessionData method.\r\n\r\nLet\u0027s remove the additional check in PhaseService#storeSessionData.","fileTypesAndContributionMap":{"ts":{"insertions":9,"deletions":13}}}]},{"date":"2021-07-24","commitResults":[{"hash":"8c01f107b6c107b3b2800a21cb853bf6313a3de7","messageTitle":"Increase number of labels in a single fetch (#728)","messageBody":"We do not specify the number of labels to fetch when using the GitHub,\r\nAPI; hence it fetches a default number of 30 labels in a single fetch.\r\n\r\nFetching the maximum number of labels allowed by the API will allow\r\nus to fetch all labels in most repos and reduce chances of bugs\r\nthat occur when all labels are not fetched.\r\n\r\nLet\u0027s set the number of labels to be retrieved in a single\r\nfetch to be 100 (the maximum possible)","fileTypesAndContributionMap":{"ts":{"insertions":9,"deletions":1}}}]},{"date":"2021-07-25","commitResults":[{"hash":"6710cf473ac5dc57c01983cc44dd887b096cf4a2","messageTitle":"DataService: Add method return types (#736)","messageBody":"Methods used to parse data.csv file have vague return types such as\r\n{}. Readers have to delve into the details of each method to understand\r\nthe structure of the returned value.\r\n\r\nLet\u0027s\r\n- Define data types for the different kinds of parsed data\r\n- Specify the returned data type for the different data parsing methods\r\n\r\nThis will help developers understand the kind of data being parsed\r\nand returned for each method under data.service.","fileTypesAndContributionMap":{"ts":{"insertions":89,"deletions":39}}}]},{"date":"2021-07-29","commitResults":[{"hash":"e6df530cd02a054f3aedc45403897215dcb3e444","messageTitle":"Change encodedText field to repoName (#743)","messageBody":"encodedText field represents the repository name for CATcher profiles \r\ne.g. `CATcher-org/public_data`.  This name does not give developers \r\nan accurate idea of the data the variable holds,\r\n\r\nLet\u0027s change the naming of `encodedText` to `repoName`.","fileTypesAndContributionMap":{"html":{"insertions":1,"deletions":1},"ts":{"insertions":16,"deletions":16}}}]},{"date":"2021-08-15","commitResults":[{"hash":"d59d9a93acb835a304862c69221f8cb1ecd93b55","messageTitle":"Tester Response Phase: Display changes to issue severity and type (#727)","messageBody":"During tester response phase, disputed issues only show their\r\noriginal severity and type.\r\n\r\nTester has to click on the issue and enter the view issue section,\r\nto read the description and discover the dispute details.\r\n\r\nLet\u0027s display the severity and issue type chosen by the\r\nresponding team on the issue table (if any).\r\n\r\nWe can obtain this information by parsing the comments on the\r\ntester response phase repo\u0027s issues (in TesterResponseSection class).","fileTypesAndContributionMap":{"html":{"insertions":15,"deletions":3},"ts":{"insertions":125,"deletions":2}}}]},{"date":"2021-08-29","commitResults":[{"hash":"2cb0877c1401ad60edb312fef1a66f9750d91263","messageTitle":"Fix assignees names displayed lowercase (#733)","messageBody":"loginIds are casted to lowercase before being stored as keys in an \r\njavascript object to represent the teams structure after it is parsed \r\nby data.service.\r\n\r\nThe dropdown list under assignees is dependent on these keys to obtain \r\nthe list of possible assignees, making it displayed in lowercase.\r\n\r\nLet\u0027s obtain the list of possible assignees by using the original casing of\r\nloginId in User.\r\n\r\nThis will allow us to display the assignee names under the dropdown \r\nlist in its original casing.\r\n\r\nLet\u0027s also add test cases to ensure the user is created regardless of \r\nletter case. ","fileTypesAndContributionMap":{"ts":{"insertions":111,"deletions":81}}}]}]},"authorFileTypeContributionMap":{"AudreyFelicio":{"js":0,"css":0,"html":3,"ts":183},"RuiFengg":{"js":0,"css":0,"html":0,"ts":0},"ducbinh2611":{"js":0,"css":32,"html":30,"ts":335},"zatkiller":{"js":0,"css":0,"html":13,"ts":355}},"authorContributionVariance":{"AudreyFelicio":525.15985,"RuiFengg":0.0,"ducbinh2611":1305.0671,"zatkiller":768.7009},"authorDisplayNameMap":{"AudreyFelicio":"AUDR..NWAR","RuiFengg":"CHAN..FENG","ducbinh2611":"NGO ..BINH","zatkiller":"DYLA..KANG"}}
