{"authorDailyContributionsMap":{"chan-j-d":[{"date":"2021-07-09","commitResults":[{"hash":"c2a25380a3bdd678483223ccf3aca139f33ee76b","messageTitle":"[#435] TestUtil: fix issue with whitespace in paths (#1556)","messageBody":"The test suite will convert spaces in URLs into %20, which can lead to\r\ntest case failures. Java API recommends managing encoding and decoding\r\nof URLs by using URI, which would resolve the issue with spaces.\r\n\r\nThis could save new developers some trouble when encountering test\r\nfailures while attempting to build the project locally for the first\r\ntime.\r\n\r\nLet\u0027s fix the issues caused by whitespace in the test cases.","fileTypesAndContributionMap":{"java":{"insertions":81,"deletions":7}}}]},{"date":"2021-08-06","commitResults":[{"hash":"ac75ff8a2a474678db0f2da24d6956e59de34947","messageTitle":"Fix missing space and use of raw types (#1569)","messageBody":"There are multiple occurrences of use of raw type within the code\r\nwhich results in compilation warnings. Additionally, there is a \r\nmissing space in one of the error messages.\r\n\r\nLet\u0027s address these minor issues in the code.","fileTypesAndContributionMap":{"java":{"insertions":16,"deletions":15}}},{"hash":"889cb8d98fd074b256ded0cd316f81fdfb7bb896","messageTitle":"[#1575] Fix misidentification of deleted files as edited files (#1574)","messageBody":"Current regex expression matches dev/null/ while the variable is\r\n/dev/null/. This causes files to be wrongly treated as being edited\r\ninstead of being deleted.\r\n\r\nLet\u0027s fix the misidentification of deleted files.","fileTypesAndContributionMap":{"java":{"insertions":1,"deletions":1}}}]}],"FH-30":[{"date":"2021-08-05","commitResults":[{"hash":"ef99726a6089e5c5416286f211540ffcb307d154","messageTitle":"Test: remove redundant throws Exception clauses (#1567)","messageBody":"The current test code for RepoSense contains two methods that include\r\na redundant throws clause.\r\n\r\nLet\u0027s remove both redundant throws clauses in GitCloneTest.java and\r\nTimeUtilTest.java.","fileTypesAndContributionMap":{"java":{"insertions":3,"deletions":3}}}]},{"date":"2021-08-06","commitResults":[{"hash":"f63e2464141fbfef800ac04be532e797a4327a83","messageTitle":"[#937] Make all tests throw generic Exception (#1566)","messageBody":"The current test code for RepoSense contains throws clauses that do\r\nnot throw a generic Exception. This can result in a series of code\r\nchanges that have to be made when the exception(s) thrown by an\r\nexisting method used in the test code is changed, to prevent a\r\ncompiler error.\r\n\r\nLet\u0027s make all methods in the test (and systemtest) folder(s) of\r\nRepoSense throw a generic Exception.","fileTypesAndContributionMap":{"java":{"insertions":6,"deletions":8}}}]}],"yhtMinceraft1010X":[],"aidoxe-123":[{"date":"2021-07-09","commitResults":[{"hash":"9d1aebd65cad7160a3296d847a20825ab74aa819","messageTitle":"[#1212] RepoLocation: Remove redundant backslashes in regex (#1550)","messageBody":"In RepoLocation.java, our current regex is \r\n\"^https?:\\\\/\\\\/github.com\\\\/(?\u003corg\u003e.+?)\\\\/(?\u003crepoName\u003e.+?)\\\\.git$\".\r\n\r\nThere is no need to escape the forward slash \"/\" character with the\r\n\"\\\\\" characters, as the forward slash does not have a special meaning\r\nwhen used on its own.\r\n\r\nLet\u0027s remove the redundant backslashes and add more tests for\r\ndifferent types of repository URLs.","fileTypesAndContributionMap":{"java":{"insertions":64,"deletions":1}}}]}],"litone01":[{"date":"2021-07-15","commitResults":[{"hash":"6b94f82545bbd84852f7bd110af72e495ad23652","messageTitle":"[#954] RepoConfiguration: remove redundant usage of streams (#1558)","messageBody":"In the setStandaloneConfigIgnoredToRepoConfigs method of\r\nRepoConfiguration, we iterate through a list of RepoConfiguration\r\nobjects and modify the isStandaloneConfigIgnored attribute in each\r\nobject. Currently, we use Stream.forEach(), which can be replaced by a\r\nlist.forEach() method since we already have a list.\r\n\r\nLet\u0027s replace the redundant Stream.forEach() with the .forEach()\r\nmethod.","fileTypesAndContributionMap":{"java":{"insertions":1,"deletions":1}}}]}]},"authorFileTypeContributionMap":{"chan-j-d":{"java":97,"js":0,"scss":0,"json":0,"md":0,"py":0,"pug":0,"gradle":0,"sh":0,"yml":0},"FH-30":{"java":9,"js":0,"scss":0,"json":0,"md":0,"py":0,"pug":0,"gradle":0,"sh":0,"yml":0},"yhtMinceraft1010X":{"java":0,"js":0,"scss":0,"json":0,"md":0,"py":0,"pug":0,"gradle":0,"sh":0,"yml":0},"aidoxe-123":{"java":64,"js":0,"scss":0,"json":0,"md":0,"py":0,"pug":0,"gradle":0,"sh":0,"yml":0},"litone01":{"java":1,"js":0,"scss":0,"json":0,"md":0,"py":0,"pug":0,"gradle":0,"sh":0,"yml":0}},"authorContributionVariance":{"chan-j-d":85.190796,"FH-30":2.236063,"yhtMinceraft1010X":0.0,"aidoxe-123":41.01552,"litone01":0.038831238},"authorDisplayNameMap":{"chan-j-d":"CHAN..N DA","FH-30":"FRAN..ANTO","yhtMinceraft1010X":"TAY ..SUEN","aidoxe-123":"HUYN..UONG","litone01":"YU J..IANG"}}
