{"authorDailyContributionsMap":{"chan-j-d":[],"FH-30":[],"aidoxe-123":[],"litone01":[]},"authorFileTypeContributionMap":{"chan-j-d":{"java":0,"js":0,"scss":0,"json":0,"md":0,"py":0,"pug":0,"gradle":0,"sh":0,"yml":0},"FH-30":{"java":0,"js":0,"scss":0,"json":0,"md":0,"py":0,"pug":0,"gradle":0,"sh":0,"yml":0},"aidoxe-123":{"java":0,"js":0,"scss":0,"json":0,"md":0,"py":0,"pug":0,"gradle":0,"sh":0,"yml":0},"litone01":{"java":0,"js":0,"scss":0,"json":0,"md":0,"py":0,"pug":0,"gradle":0,"sh":0,"yml":0}},"authorContributionVariance":{"chan-j-d":0.0,"FH-30":0.0,"aidoxe-123":0.0,"litone01":0.0},"authorDisplayNameMap":{"chan-j-d":"CHAN..N DA","FH-30":"FRAN..ANTO","aidoxe-123":"HUYN..UONG","litone01":"YU J..IANG"}}
