{"authorDailyContributionsMap":{"chan-j-d":[{"date":"2021-07-09","commitResults":[{"hash":"c2a25380a3bdd678483223ccf3aca139f33ee76b","messageTitle":"[#435] TestUtil: fix issue with whitespace in paths (#1556)","messageBody":"The test suite will convert spaces in URLs into %20, which can lead to\r\ntest case failures. Java API recommends managing encoding and decoding\r\nof URLs by using URI, which would resolve the issue with spaces.\r\n\r\nThis could save new developers some trouble when encountering test\r\nfailures while attempting to build the project locally for the first\r\ntime.\r\n\r\nLet\u0027s fix the issues caused by whitespace in the test cases.","fileTypesAndContributionMap":{"java":{"insertions":81,"deletions":7}}}]},{"date":"2021-08-06","commitResults":[{"hash":"ac75ff8a2a474678db0f2da24d6956e59de34947","messageTitle":"Fix missing space and use of raw types (#1569)","messageBody":"There are multiple occurrences of use of raw type within the code\r\nwhich results in compilation warnings. Additionally, there is a \r\nmissing space in one of the error messages.\r\n\r\nLet\u0027s address these minor issues in the code.","fileTypesAndContributionMap":{"java":{"insertions":16,"deletions":15}}},{"hash":"889cb8d98fd074b256ded0cd316f81fdfb7bb896","messageTitle":"[#1575] Fix misidentification of deleted files as edited files (#1574)","messageBody":"Current regex expression matches dev/null/ while the variable is\r\n/dev/null/. This causes files to be wrongly treated as being edited\r\ninstead of being deleted.\r\n\r\nLet\u0027s fix the misidentification of deleted files.","fileTypesAndContributionMap":{"java":{"insertions":1,"deletions":1}}}]},{"date":"2021-08-22","commitResults":[{"hash":"2c05624a7c59e3d47c7a5ddf97f800b8655b7b99","messageTitle":"[#1546] RepoCloner: fix local repos relative pathing and spaces (#1562)","messageBody":"At present, local repositories specified by relative pathing or paths\r\nwith spaces are not cloned properly even though their location is\r\nverified.\r\n\r\nRelative pathing issue is caused by processes being spawned at a\r\ndifferent root path. Issue relating to paths with spaces are caused by\r\nRepoLocation objects converted back into strings to be used in a git\r\ncommand, thus no longer wrapped in quotation marks. \r\n\r\nLet\u0027s fix these issues with local repos pathing.","fileTypesAndContributionMap":{"java":{"insertions":136,"deletions":34}}}]},{"date":"2021-08-24","commitResults":[{"hash":"f2d377d881f8c4ae0d9cd0e170c17f5640dd10bf","messageTitle":"[#1571] Fix incorrect invalidation of file path with spaces (#1576)","messageBody":"The \"git diff\" command on files where the filename contains a space\r\ncauses the resulting output to generate an additional \\t character at\r\nthe end of the filename. This becomes an invalid file path in Windows\r\nwhile being incorrectly ignored in Macs and Linux.\r\n\r\nLet\u0027s fix the incorrect identification of valid file paths with\r\nspaces.","fileTypesAndContributionMap":{"java":{"insertions":26,"deletions":6}}}]}],"FH-30":[{"date":"2021-08-05","commitResults":[{"hash":"ef99726a6089e5c5416286f211540ffcb307d154","messageTitle":"Test: remove redundant throws Exception clauses (#1567)","messageBody":"The current test code for RepoSense contains two methods that include\r\na redundant throws clause.\r\n\r\nLet\u0027s remove both redundant throws clauses in GitCloneTest.java and\r\nTimeUtilTest.java.","fileTypesAndContributionMap":{"java":{"insertions":3,"deletions":3}}}]},{"date":"2021-08-06","commitResults":[{"hash":"f63e2464141fbfef800ac04be532e797a4327a83","messageTitle":"[#937] Make all tests throw generic Exception (#1566)","messageBody":"The current test code for RepoSense contains throws clauses that do\r\nnot throw a generic Exception. This can result in a series of code\r\nchanges that have to be made when the exception(s) thrown by an\r\nexisting method used in the test code is changed, to prevent a\r\ncompiler error.\r\n\r\nLet\u0027s make all methods in the test (and systemtest) folder(s) of\r\nRepoSense throw a generic Exception.","fileTypesAndContributionMap":{"java":{"insertions":6,"deletions":8}}}]},{"date":"2021-08-12","commitResults":[{"hash":"3b569cc6f25eed225ddafb89d580f759a4ef2fd7","messageTitle":" Cypress: replace nonexistent input element with pug id in selector in codeView_reload.js (#1580)","messageBody":"Cypress test in codeView.js is failing because the test analyzes\r\nRepoSense\u0027s repository itself to run tests on. When PR#1412\r\nwas merged in, RepoSense no longer has any pug files whereas\r\nthe test case assumes pug files are still there thus leading to an\r\nerror. \r\n\r\nThe selector utilized in the test refers to an input element with id \r\n`pug` that no longer exists.\r\n\r\nLet\u0027s change the selector in the test to refer to an input element\r\nwith id `java` that still exists in RepoSense\u0027s repository.","fileTypesAndContributionMap":{"js":{"insertions":2,"deletions":2}}}]},{"date":"2021-08-22","commitResults":[{"hash":"9cf1a73cfa37599569e9875bb8abaf3348bf4357","messageTitle":"[#1463] Fix case insensitive bug in @@author feature (#1577)","messageBody":"Fix case insensitive bug of Map object used in @@author feature \r\nimplementation\r\n\r\nIn AuthorConfiguration.java, the authorDetailsToAuthorMap object\r\nutilized in AnnotatorAnalyzer.java for implementing the @@author\r\nfeature marks githubIds and gitIds with the same character sequence\r\nbut different casing as duplicates resulting in unnecessary warnings\r\nin the log. When duplicates are encountered previous mappings might\r\nalso be altered resulting in potential unexpected assignings when\r\nusing the @@author feature.\r\n\r\nLet\u0027s change the type of Map associated with the\r\nauthorDetailsToAuthorMap object from a TreeMap with\r\nString.CASE_INSENSITIVE_ORDER as its Comparator to a HashMap.","fileTypesAndContributionMap":{"java":{"insertions":2,"deletions":3}}}]},{"date":"2021-08-29","commitResults":[{"hash":"1fc7a9dee9048bd127262c4a1918e8a57e9ca5c1","messageTitle":"ConfigParser: fix Ignore Commits List header typo in CSV files (#1561)","messageBody":"In RepoConfigCsvParser.java, the processLine method is unable to read\r\nfrom Ignore Commit List column in config/repo-config.csv due to a\r\ntypo. Typo is also present in repoconfig_invalidLocation_test.csv\r\nand ug/repo-config.csv.\r\n\r\nLet\u0027s remove an extra \u0027s\u0027 present in the Ignore Commit List header,\r\npreviously Ignore Commits List, in the three aforementioned files.","fileTypesAndContributionMap":{"java":{"insertions":12,"deletions":11},"md":{"insertions":1,"deletions":1},"json":{"insertions":9,"deletions":9}}}]},{"date":"2021-09-10","commitResults":[{"hash":"387401fa99f8cdb5db65938e4e3e5aa82c85d38c","messageTitle":"[#569] Allow finding previous authors for ignored commits (#1565)","messageBody":"The current implementation of RepoSense assigns lines last modified by\r\na commit in the IgnoreCommitList to an unknown author. This means that\r\nwhen a commit involving a bulk change occurs (ex: a formatting change)\r\nand that commit is added to the ignore commit list, the\r\n```authorship.json``` file generated by RepoSense will not contain\r\nmuch meaningful information as most of the lines are assigned to an\r\nunknown author.\r\n\r\nLet\u0027s add a --find-previous-authors flag or -F to tell RepoSense to\r\nuse Git blame\u0027s --ignore-revs-file argument and generate a\r\n.git-blame-ignore-revs file in the repositories analyzed to allow\r\nRepoSense users to have a more meaningful authorship report from\r\nRepoSense\u0027s analysis in the event that a bulk change occurs in the\r\nrepositories analyzed.","fileTypesAndContributionMap":{"java":{"insertions":650,"deletions":19},"md":{"insertions":14,"deletions":2}}}]}],"yhtMinceraft1010X":[{"date":"2021-08-23","commitResults":[{"hash":"33ad9dfe270998fdd964d2f47c9a84c73a58b630","messageTitle":"[#1547] Style: change if statements to use ternary operator (#1578)","messageBody":"Some of the if statements can be simplified to use the ternary\r\noperator for better readability. This also makes the code look\r\ncleaner.\r\n\r\nLet\u0027s change these if statements into the ternary operator.","fileTypesAndContributionMap":{"java":{"insertions":21,"deletions":64},"md":{"insertions":18,"deletions":0}}},{"hash":"119bb6514c337c73afe09f55f9ad54feca95a955","messageTitle":"[#1536] Frontend: show short commit hash in commits view (#1581)","messageBody":"As commit subject lines can be identical, this may cause confusion to\r\nthe user when browsing the list of commits. Having 4 characters of \r\nthe commit hash may be insufficient for differentiating between\r\ncommits.\r\n\r\nLet\u0027s display the first 7 characters of the commit hash in the commits\r\nview.","fileTypesAndContributionMap":{"scss":{"insertions":12,"deletions":0}}}]},{"date":"2021-09-05","commitResults":[{"hash":"812ebf143aaf807b79ae24d2e267960179ed18fb","messageTitle":"Docs: update links in developer guide to frontend source files (#1583)","messageBody":"After the transition to Vue, there are links and diagrams in the\r\nDeveloper Guide documentation pages that still refer to files that\r\npreviously had .js extension and/or were located in now-deleted\r\nfolders.\r\n\r\nLet\u0027s update these links and diagrams to reflect the new file\r\nextensions and the updated location of these files.","fileTypesAndContributionMap":{"md":{"insertions":28,"deletions":28}}},{"hash":"7d9a8416567740f78503b5a9ad91e8e6135735c9","messageTitle":"Tests: add unchecking and checking breakdown by file type test (#1587)","messageBody":"When implementing the fix for the breakdown by file type checkbox,\r\nthere were no frontend tests added to ensure that the functionality\r\nworks. This left a gap in the frontend test suite and is not ideal.\r\n\r\nLet\u0027s introduce a new frontend test for unchecking and checking the\r\nbreakdown by file type checkbox to ensure that the feature works as\r\nintended.","fileTypesAndContributionMap":{"js":{"insertions":27,"deletions":0}}}]}],"aidoxe-123":[{"date":"2021-07-09","commitResults":[{"hash":"9d1aebd65cad7160a3296d847a20825ab74aa819","messageTitle":"[#1212] RepoLocation: Remove redundant backslashes in regex (#1550)","messageBody":"In RepoLocation.java, our current regex is \r\n\"^https?:\\\\/\\\\/github.com\\\\/(?\u003corg\u003e.+?)\\\\/(?\u003crepoName\u003e.+?)\\\\.git$\".\r\n\r\nThere is no need to escape the forward slash \"/\" character with the\r\n\"\\\\\" characters, as the forward slash does not have a special meaning\r\nwhen used on its own.\r\n\r\nLet\u0027s remove the redundant backslashes and add more tests for\r\ndifferent types of repository URLs.","fileTypesAndContributionMap":{"java":{"insertions":64,"deletions":1}}}]},{"date":"2021-08-22","commitResults":[{"hash":"aefa0b5923e572ed66323ef6c3ae3ed4e6697850","messageTitle":"[#382, #1568] Make annotation tagged author appear in report (#1554)","messageBody":"The current implementation will mark tagged authors as unknown if\r\ntheir names do not appear in the commit history of the repo or in the\r\nauthor config file.\r\n\r\nLet\u0027s show all author introduced via the @@author tags if there is no\r\nauthor config file. If there is an author config file, @@author tags\r\nshould not result in the author appearing in the report unless the\r\nauthor is listed in the author config file.","fileTypesAndContributionMap":{"java":{"insertions":76,"deletions":27}}}]},{"date":"2021-09-10","commitResults":[{"hash":"dc2688076561de84aec51dae7f5702543fdd0c37","messageTitle":"Improve @@author annotation tag detection (#1586)","messageBody":"AnnotatorAnalyer is currently limited in terms of its capabilities in\r\ndetecting the @@author annotation tag.\r\n\r\nLet\u0027s make AnnotatorAnalyer more robust in its detection capabilities\r\nand also add the corresponding test cases for it.","fileTypesAndContributionMap":{"java":{"insertions":274,"deletions":20},"md":{"insertions":19,"deletions":0}}}]},{"date":"2021-09-14","commitResults":[{"hash":"eab69a957194c3b063fe5cec793a1c3a48b04f77","messageTitle":"[#1563, #1579] Tests: allow a fresh clone for some test cases (#1570)","messageBody":"The test repositories are cloned only once during testing, and a full\r\nclone is performed. This causes certain test cases that require a\r\nshallow clone to be tested incorrectly on a full clone.\r\n\r\nLet\u0027s allow individual tests to specify if they wish to obtain a\r\nfresh clone of a repository.","fileTypesAndContributionMap":{"java":{"insertions":132,"deletions":48}}}]}],"litone01":[{"date":"2021-07-15","commitResults":[{"hash":"6b94f82545bbd84852f7bd110af72e495ad23652","messageTitle":"[#954] RepoConfiguration: remove redundant usage of streams (#1558)","messageBody":"In the setStandaloneConfigIgnoredToRepoConfigs method of\r\nRepoConfiguration, we iterate through a list of RepoConfiguration\r\nobjects and modify the isStandaloneConfigIgnored attribute in each\r\nobject. Currently, we use Stream.forEach(), which can be replaced by a\r\nlist.forEach() method since we already have a list.\r\n\r\nLet\u0027s replace the redundant Stream.forEach() with the .forEach()\r\nmethod.","fileTypesAndContributionMap":{"java":{"insertions":1,"deletions":1}}}]}]},"authorFileTypeContributionMap":{"chan-j-d":{"java":254,"js":0,"scss":0,"json":0,"md":0,"py":0,"pug":0,"gradle":0,"sh":0,"yml":0},"FH-30":{"java":657,"js":2,"scss":0,"json":9,"md":15,"py":0,"pug":0,"gradle":0,"sh":0,"yml":0},"yhtMinceraft1010X":{"java":19,"js":27,"scss":12,"json":0,"md":44,"py":0,"pug":0,"gradle":0,"sh":0,"yml":0},"aidoxe-123":{"java":517,"js":0,"scss":0,"json":0,"md":19,"py":0,"pug":0,"gradle":0,"sh":0,"yml":0},"litone01":{"java":1,"js":0,"scss":0,"json":0,"md":0,"py":0,"pug":0,"gradle":0,"sh":0,"yml":0}},"authorContributionVariance":{"chan-j-d":446.60678,"FH-30":5530.0596,"yhtMinceraft1010X":233.89627,"aidoxe-123":1666.6853,"litone01":0.0470522},"authorDisplayNameMap":{"chan-j-d":"CHAN..N DA","FH-30":"FRAN..ANTO","yhtMinceraft1010X":"TAY ..SUEN","aidoxe-123":"HUYN..UONG","litone01":"YU J..IANG"}}
