{"authorDailyContributionsMap":{"Hsu Zhong Jun":[{"date":"2021-03-29","commitResults":[{"hash":"d7e5d42264409888ace52864d360a4f4e1dbbae7","messageTitle":"[#1448] UG: remove need for personal access token for publish-reposense (#1465)","messageBody":"Users need to specify a personal access token or a deploy key to\r\nautomate the generation of the RepoSense report. This is an\r\nadditional step that makes using this repository less\r\nuser-friendly for new users.\r\n\r\nLet\u0027s update the documentation to remove the need for the user to\r\ngenerate a personal access token, since the GITHUB_TOKEN is\r\nautomatically used when generating a report in GitHub Actions.","fileTypesAndContributionMap":{"md":{"insertions":7,"deletions":9}}}]},{"date":"2021-04-13","commitResults":[{"hash":"66647b0e5fd4fd0ea8be744d628e98949a34408e","messageTitle":"[#1184] Test: improve assertion of authors for file analysis (#1518)","messageBody":"The assertion used in checking the correctness of the attribution\r\nof authors is not entirely robust and can be prone to other errors\r\nwhich may not be detected.\r\n\r\nLet\u0027s refactor the assertion used in file and annotation analysis\r\nsuch that they use the same function and make the tests more\r\nrobust.","fileTypesAndContributionMap":{"java":{"insertions":29,"deletions":39}}}]},{"date":"2021-04-20","commitResults":[{"hash":"0b3810543c2145a1a375fb500ec94294ccd010b4","messageTitle":"[#634] Extract time-based functionalities to TimeUtil (#1535)","messageBody":"Many of the time-based functionality and logic are scattered about \r\nin various files, which increases code duplication and is a \r\nmaintenance burden.\r\n\r\nLet\u0027s abstract all time-based functionalities into the `TimeUtil`\r\nclass such that multiple places in the code can reuse the same\r\nlogic.","fileTypesAndContributionMap":{"java":{"insertions":255,"deletions":170}}}]},{"date":"2021-04-22","commitResults":[{"hash":"c9aed039e82413bf89a0f892c0723945564e9d34","messageTitle":"UG: Update documentation on using RepoSense at a specific commit (#1516)","messageBody":"The script to obtain RepoSense in `publish-RepoSense` supports a way \r\nto use RepoSense at a specific commit. \r\n\r\nLet\u0027s update the documentation to showcase the functionality for\r\nchecking out and using RepoSense at a specific commit.","fileTypesAndContributionMap":{"md":{"insertions":2,"deletions":1}}}]},{"date":"2021-04-23","commitResults":[{"hash":"2f4703e50afee1a3078152392afcc3daa0672630","messageTitle":"[#634] Move logic for getting ReportConfiguration to ArgsParser (#1534)","messageBody":"The design of getting the `ReportConfiguration` object in the main \r\nRepoSense class is flawed and not so ideal, as it meant that \r\nconfiguration has to be set and parsed twice.\r\n\r\nLet\u0027s move the logic for getting the ReportConfiguration object\r\ninto ArgsParser to avoid having to duplicate configuration parsing\r\nin the future.","fileTypesAndContributionMap":{"java":{"insertions":48,"deletions":31}}}]},{"date":"2021-05-07","commitResults":[{"hash":"6138a0b8ceecf9012b0f2acbe7fba2068c5028c0","messageTitle":"[#1435] Expand continuous integration testing to Ubuntu 18.04 and 20.04 (#1503)","messageBody":"The continuous integration test suite only runs on Ubuntu 16.04,\r\nwhich is a relatively older version.\r\n\r\nLet\u0027s expand the testing to both Ubuntu 18.04 and 20.04 to make\r\nsure that RepoSense works for both environments as well. This is\r\ndone by defining a job matrix that can automatically run the same\r\nbuild steps for all versions of Ubuntu.","fileTypesAndContributionMap":{"yml":{"insertions":24,"deletions":18}}}]},{"date":"2021-05-21","commitResults":[{"hash":"89b7f3e020fdc2ef93f907784f9581fa8f0ba432","messageTitle":"[#1354] Allow disowning of code by using empty author tags (#1520)","messageBody":"Empty author tags are assumed to represent the end of an annotation \r\nblock. However, there may be cases where certain code blocks should \r\nnot be attributed to any author. \r\n\r\nThe current workaround is to attribute the code to some random \r\nauthor, which is not ideal from the user\u0027s perspective.\r\n\r\nLet\u0027s implement new functionality for users to disown code by\r\nusing empty author tags.","fileTypesAndContributionMap":{"java":{"insertions":34,"deletions":20},"md":{"insertions":5,"deletions":0}}}]},{"date":"2021-06-03","commitResults":[{"hash":"cf445c8047bb4f9a01f9b952b5cd59c0dd61fc07","messageTitle":"[#1349] Clone test repositories only once when testing (#1478)","messageBody":"The test repositories are cloned for every test that performs \r\ncloning, which results in tests taking a long time to complete as\r\na significant amount of time is spent cloning the same repository\r\nfor every test.\r\n\r\nLet\u0027s prevent the deletion of the cloned test repositories until\r\nwe are sure that all tests have completed, thus allowing the test\r\nrepositories to be cloned only once during each test run.","fileTypesAndContributionMap":{"gradle":{"insertions":26,"deletions":1},"java":{"insertions":67,"deletions":43}}}]},{"date":"2021-07-06","commitResults":[{"hash":"96261e65f58338d84abcdca7b1a44fcf21dee763","messageTitle":"[#1493] DevOps Guide: move from Wiki to DG (#1548)","messageBody":"The DevOps guide was originally created in the wiki as a draft, and it \r\nshould be moved to the RepoSense developer guide for better visibility.\r\n\r\nLet\u0027s move the contents of that wiki page into a new page in the\r\ndeveloper guide.","fileTypesAndContributionMap":{"md":{"insertions":90,"deletions":0}}}]}],"Chan Ger Hean":[{"date":"2021-03-27","commitResults":[{"hash":"4778111e49da60045bdb00abcee217b91ced2c3a","messageTitle":"[#1485] Watch tab info directly (#1490)","messageBody":"Zoom tab does not update properly if one of the zoom watchables do \r\nnot change.\r\n\r\nLet\u0027s watch the `tabZoomInfo` stored in `Vuex` instead of \r\n`zoomOwnerWatchable`. This works as we ensure that every change to \r\n`tabZoomInfo` stored in `Vuex` replaces `tabZoomInfo` with a new \r\nobject. \r\n\r\nEverything here also applies to the authorship tab with\r\n`authorshipOwnerWatchable` and `tabAuthorshipInfo` instead.","fileTypesAndContributionMap":{"js":{"insertions":2,"deletions":10}}}]},{"date":"2021-03-31","commitResults":[{"hash":"589e404b834a44e5665266b5e517bfd319dc50c5","messageTitle":"Frontend: upgrade minimatch version (#1511)","messageBody":"minimatch@1.0.0 is deprecated and will cause potential vulnerability.\n\nLet\u0027s upgrade it to minimatch@3.0.4.\n","fileTypesAndContributionMap":{"pug":{"insertions":1,"deletions":2},"js":{"insertions":4,"deletions":1},"json":{"insertions":1,"deletions":1}}}]},{"date":"2021-04-20","commitResults":[{"hash":"6a25cb16276482647ee7073394b20fc05375c29a","messageTitle":"[#1397, #1460] Charts panel: header info misplaced (#1467)","messageBody":"Long `chart__contribution` bars in chart view can overflow and\r\ncause some visual bugs.\r\n\r\nLet\u0027s remove `overflow: visible;` and tweak the CSS slightly to fix\r\nthe bug.","fileTypesAndContributionMap":{"scss":{"insertions":4,"deletions":3}}}]},{"date":"2021-04-23","commitResults":[{"hash":"f1115c2908b0740a9765e356c8f13342c9536255","messageTitle":"Remove duplicate initiate in v_zoom","messageBody":"Some code in v_zoom.js was accidentally duplicated. This a \r\nregression caused by #1419.\r\n\r\nLet\u0027s remove the duplicated code.","fileTypesAndContributionMap":{"js":{"insertions":1,"deletions":6}}},{"hash":"21b4f9c6e2ede55ff5a125c26052d0d097603378","messageTitle":"[#1473] Add `this.getFiltered()` to set checkedFileTypes (#1475)","messageBody":"`this.getFiltered()` is not called when `checkAllFileTypes` is \r\nmodified. This is regression introduced by PR #1440.\r\n\r\nLet\u0027s call `this.getFiltered()` when `checkAllFileTypes` is \r\nmodified.","fileTypesAndContributionMap":{"js":{"insertions":1,"deletions":0}}},{"hash":"4dec5799da510ff300828e3b8a27299cae5dfcd7","messageTitle":" [#1116] Code Panel: weird syntax highlighting (#1521)","messageBody":"RepoSense frontend is using `highlightjs@9.14` which has some \r\nhighlighting issues.\r\n\r\nThese issues were fixed by the following PR in `highlightjs`:\r\nhttps://github.com/highlightjs/highlight.js/pull/2531\r\n\r\nLet\u0027s update `highlightjs` to `10.7.1` in RepoSense.","fileTypesAndContributionMap":{"pug":{"insertions":7,"deletions":7}}}]},{"date":"2021-04-26","commitResults":[{"hash":"c176c03da990669634a7d725ec97e97bc6ec001b","messageTitle":"Frontend Test: upgrade cypress version to ^7.0.1 (#1529)","messageBody":"We are using Cypress major release version 3. Cypress 3.8.3 was \r\nreleased in January 2020 and is using outdated dependencies with \r\nsecurity vulnerabilities. The latest version of Cypress is 7.0.1.\r\n\r\nLet\u0027s upgrade Cypress major release version to 7 and also fix the \r\ntest bugs introduced by the API change.","fileTypesAndContributionMap":{"json":{"insertions":761,"deletions":541},"js":{"insertions":6,"deletions":9}}}]},{"date":"2021-05-07","commitResults":[{"hash":"96a8c2ceda4d4ef003c1b9bfdeef6e83e62911d6","messageTitle":"[#1512] Seemingly random disappearance of dates (#1513)","messageBody":"There is a possibility that in `v_summary.js`, both `minDate`\r\nand `tmpFilterSinceDate` are empty strings. This leads to bugs where \r\nboth  `minDate` and `tmpFilterSinceDate` cannot be set.\r\n\r\nLet\u0027s set `minDate` to `window.app.sinceDate`. This is possible as \r\n`api.loadSummary()` must be run in order for `userUpdated` to be set \r\nto true in \u0027main.js`, and hence `v-summary.js` will not load before \r\nthis.\r\n\r\nLet\u0027s remove the `getDates()` function in `v_summary`. This is \r\npossible as `tmpFilterSinceDate` does not need to be set, as its \r\nonly dependency is `filterSinceDate` which checks that \r\n`tmpFilterSinceDate` is empty.\r\n","fileTypesAndContributionMap":{"pug":{"insertions":1,"deletions":2},"js":{"insertions":2,"deletions":35}}}]},{"date":"2021-06-27","commitResults":[{"hash":"ed97954520d836658978f806309e10be094a5ab4","messageTitle":"Remove `window.app` state changes and remove `this.` in `.pug` (#1527)","messageBody":"Assignment to window.app is being done in `api.js` and \r\n`authorship.js` to change the state of the topmost Vue component. \r\nThese state changes are hard to track and breaks \r\nprojectify-frontend.\r\n\r\nUsing `this.` in template files is unnecessary and causing some\r\nproblems in projectify-frontend.\r\n\r\nLet\u0027s \r\n- remove all property changes to `window.app`.\r\n- remove all `this.` in `.pug` files.\r\n- move hashing of tabOpen to `store.js`.\r\n- have `v_resizer` get `isTabActive` directly from Vuex.\r\n\r\n* remove .app in summary.js\r\n\r\nCo-authored-by: WANG CHAO \u003c1229983126@qq.com\u003e\r\nCo-authored-by: Hsu Zhong Jun \u003c27919917+dcshzj@users.noreply.github.com\u003e","fileTypesAndContributionMap":{"pug":{"insertions":9,"deletions":12},"js":{"insertions":60,"deletions":41}}}]}],"Roland Yu Wenyang":[{"date":"2021-04-22","commitResults":[{"hash":"fdd792b9fbab4ad2e524d128f6cdcfca3fc08616","messageTitle":"Cypress: add test for tabs rendering (#1443)","messageBody":"PR #1390 introduces non-trivial front-end changes to the way to \r\nrender tabs. Frontend tests for these changes are required to \r\nprevent regressions.\r\n\r\nLet\u0027s,\r\n- add tests to check if default states remain upon page refreshing \r\n  and tab switching for authorship and zoom tabs\r\n- add tests to ensure information from previously visited tabs are \r\n  not retained.","fileTypesAndContributionMap":{"js":{"insertions":244,"deletions":2}}}]}],"Damith C. Rajapakse":[{"date":"2021-07-01","commitResults":[{"hash":"d40f71f66077c2c6b5b20f5090de7109bc478e6a","messageTitle":"Set MarkBind version to 2.18.1","messageBody":"","fileTypesAndContributionMap":{"yml":{"insertions":1,"deletions":1}}},{"hash":"f92f428b93569f4521e094a50372c1b80bd1017e","messageTitle":"integration.yml: Fix MarkBind version to 2.18.1","messageBody":"","fileTypesAndContributionMap":{"yml":{"insertions":1,"deletions":1}}}]}],"HCY123902":[{"date":"2021-03-28","commitResults":[{"hash":"77c3b819156d5bec13b042eef9d8a88c232157cc","messageTitle":"[#1229] Select a consistent group name when grouped by author (#1461)","messageBody":"The display name of the author changes when the report is \r\n`grouped by author` and the category to `sort within group` changes, \r\nwhich also changes the position of the author group.\r\n\r\nSelecting a consistent author group name will make it more \r\nconvenient for the user when changing the `sort within group` \r\ncategory in a report `grouped by author`.\r\n\r\nLet\u0027s select a consistent group name when `grouped by author`.","fileTypesAndContributionMap":{"pug":{"insertions":1,"deletions":1},"js":{"insertions":13,"deletions":3}}}]},{"date":"2021-04-02","commitResults":[{"hash":"7fe12bf20b3a1a771f79c4dd808f5511fe9bfeba","messageTitle":"[#1472] DG: add release guide (#1474)","messageBody":"There is no detailed guide on how to make release for the project on \r\nGithub, which can cause issue especially when the release is made on \r\na frequent basis.\r\n\r\nAdd a release guide can provide clear instruction for the developer \r\nwho needs to make a release.\r\n\r\nLet\u0027s add a release guide to the Developer Guide.","fileTypesAndContributionMap":{"md":{"insertions":25,"deletions":1}}},{"hash":"8e93f28d2ee54f80d415a89bba3e2ba641bdd4fa","messageTitle":"[#1464] Remove group highlight when merging group (#1466)","messageBody":"A merged group will be highlighted in the summary view even if the \r\ntab is not on the merged group but a member of the group.\r\n\r\nRemoving the group highlight in this situation can make the \r\nhighlight provide more accurate information.\r\n\r\nLet\u0027s remove the group highlight when merging a group.","fileTypesAndContributionMap":{"pug":{"insertions":1,"deletions":1},"js":{"insertions":6,"deletions":4}}}]},{"date":"2021-04-13","commitResults":[{"hash":"57edc430925478ae9914100bf3e901dd19cea248","messageTitle":"[#1486] Frontend: rename zIsMerge to zIsMerged (#1487)","messageBody":"The zoom panel of a merged group currently cannot be restored after \r\nreloading the page. This is caused by incomplete renaming of the \r\nzIsMerge argument in #1457.\r\n\r\nRenaming other instances of zIsMerge can resolve this issue and make \r\nthe reloading behavior more consistent with the user expectation.\r\n\r\nLet\u0027s change all instances of zIsMerge to zIsMerged.","fileTypesAndContributionMap":{"js":{"insertions":9,"deletions":10}}}]},{"date":"2021-04-20","commitResults":[{"hash":"bfc5e69e4a9e6322bfd4eebd79cde58d3d3eaf8f","messageTitle":"DG: add link to first-timer issues (#1492)","messageBody":"There is no link to first-timer issues in DG.\r\n\r\nProviding the link to the guide can give newcomers a clearer\r\ndirection of what to work on in the first place.\r\n\r\nLet\u0027s add the link to the first-timers issues in DG.","fileTypesAndContributionMap":{"md":{"insertions":5,"deletions":0}}}]},{"date":"2021-04-22","commitResults":[{"hash":"ec7607478d58a8d9d3d76ea8c304ec2ba19858a4","messageTitle":"[#1476] Remove the highlighting when the panel is closed (#1480)","messageBody":"The highlighting of the selected tab on the summary view is present\r\neven when the panel is closed.\r\n\r\nRemoving the highlighting will make the indicated tab information\r\nmore consistent.\r\n\r\nLet\u0027s remove the highlighting when closing the panel.","fileTypesAndContributionMap":{"js":{"insertions":15,"deletions":7}}}]},{"date":"2021-04-23","commitResults":[{"hash":"21e58135b07581a0e6af4823b5196116f51de9a9","messageTitle":"Add link to path glob syntax in the User Guide (#1541)","messageBody":"The path glob syntax used in the Ignore Glob List column of the CSV \r\nconfiguration files is not documented for the user. This can cause \r\nissues when an invalid path glob is used to generate the report.\r\n\r\nAdding a link to the official documentation will make it more \r\nconvenient to the user.\r\n\r\nLet\u0027s add the link to the glob syntax in the User Guide.","fileTypesAndContributionMap":{"md":{"insertions":3,"deletions":3}}}]},{"date":"2021-05-07","commitResults":[{"hash":"07bbd79e2ddef68060d47d90591d1616066e155f","messageTitle":"[#1190] Add message for invalid repository link on the summary view (#1509)","messageBody":"The report generated does not show alert message for link given by \r\nthe user that cannot be recognized as a repository path.\r\n\r\nShowing the message that the link provided is invalid can help the \r\nuser to identify the reason why some repository is not shown in the \r\nreport.\r\n\r\nLet\u0027s add message for invalid link on the summary view.","fileTypesAndContributionMap":{"java":{"insertions":28,"deletions":1}}}]},{"date":"2021-05-08","commitResults":[{"hash":"e45c4a99f196ed07b82b6d2431e682c6e545ff92","messageTitle":"[#1500] Add a Learn basics section to the DG (#1507)","messageBody":"There is no elaborate guide for new developers to systematically \r\nlearn the tool and technologies needed to work on the project.\r\n\r\nAdd a Learning Guide can give new developers a clear direction of \r\nwhat to learn and how to get started.\r\n\r\nLet\u0027s add a Learning Guide to the Developer Guide.","fileTypesAndContributionMap":{"md":{"insertions":506,"deletions":4}}}]}],"Vighnesh Iyer":[{"date":"2021-03-27","commitResults":[{"hash":"89e0995a2598ea96dd89c4be0dab9c62bf2d37ca","messageTitle":"Implement shallow cloning (#1449)","messageBody":"RepoSense downloads the entire commit history of the repo when \r\ncloning it. \r\n\r\nThis results in a lot of unnecessary history being downloaded, which \r\nincreases the size of the cloned repo and slows down the time taken \r\nto clone the repo.\r\n\r\nLet\u0027s implement Git\u0027s shallow cloning functionality so as to \r\ntruncate the downloaded history thereby reducing the size of the \r\ncloned repo and speeding up the cloning process.","fileTypesAndContributionMap":{"java":{"insertions":748,"deletions":32},"md":{"insertions":24,"deletions":1}}}]},{"date":"2021-03-28","commitResults":[{"hash":"35d41b21a69a452ab05a5a2b9b0487c3578659bb","messageTitle":"CSVParser: check column headers when parsing config CSV files (#1459)","messageBody":"RepoSense parses the config CSV files purely based on column order. \r\n\r\nThis means that every column needs to be present in the correct \r\norder (even if the column is optional) in order for the CSV\r\nfile to be parsed. This additionally means that every time we add a\r\nnew column to a config CSV, we would break compatibility with \r\nexisting config CSV files for all users.\r\n\r\nLet\u0027s change the `CSVParser` to verify and parse the config CSV \r\nfiles based on the column headers. This would allow us to parse \r\nconfig CSVs with columns in a different order or with some \r\n(optional) columns missing.","fileTypesAndContributionMap":{"java":{"insertions":307,"deletions":105}}}]},{"date":"2021-03-31","commitResults":[{"hash":"9609c591f7e3a4c8d3a1f8acf2f71f7aec15b043","messageTitle":"[#1452] Implement multi-threading (#1451)","messageBody":"RepoSense runs cloning and analysis of 1 repo each in parallel.\r\n\r\nLet\u0027s implement multi-threading to increase the number of repos \r\nbeing analyzed in parallel, which can speed up the report generation \r\nwhen running RepoSense on a large number of repos.","fileTypesAndContributionMap":{"java":{"insertions":362,"deletions":47},"md":{"insertions":6,"deletions":3}}}]},{"date":"2021-04-23","commitResults":[{"hash":"d445666dc8ef15eb59a9d1d60d33df43df07c50b","messageTitle":"UG: reflect new method of CSV parsing (#1523)","messageBody":"User Guide states that \"RepoSense ignores the first row (i.e., \r\ncolumn headings) of CSV config files\". However, as of #1459, this is \r\nno longer true.\r\n\r\nLet\u0027s change the User Guide to reflect the new method of CSV \r\nparsing.","fileTypesAndContributionMap":{"md":{"insertions":1,"deletions":1}}}]},{"date":"2021-04-30","commitResults":[{"hash":"cba0c2636f6f9af922d71b91fb42497f204e0a5e","messageTitle":"Add warning when there are a large number of files to be analyzed (#1524)","messageBody":"If RepoSense is run on a repo with a large number of text files \r\n(with a large number of lines overall), it can take a long time to \r\ngenerate the authorship report. Additionally, the size of the \r\n`authorship.json` file can be very large, possibly even exceeding \r\nthe file size limit of 100 MB for GitHub, which would prevent the \r\nreport from being deployed on GitHub Pages.\r\n\r\nLet\u0027s add a warning when there are a large number of text files with \r\na large number of lines overall. This would let users know the \r\nreason why they may experience slow performance and would also \r\nadvise users on how they can reduce the number of files to be \r\nanalyzed using `repo-config.csv`.","fileTypesAndContributionMap":{"java":{"insertions":24,"deletions":0}}}]}]},"authorFileTypeContributionMap":{"Hsu Zhong Jun":{"java":417,"js":0,"scss":0,"json":0,"md":99,"py":0,"pug":0,"gradle":25,"sh":0,"yml":24},"Chan Ger Hean":{"java":0,"js":73,"scss":4,"json":730,"md":0,"py":0,"pug":18,"gradle":0,"sh":0,"yml":0},"Roland Yu Wenyang":{"java":0,"js":244,"scss":0,"json":0,"md":0,"py":0,"pug":0,"gradle":0,"sh":0,"yml":0},"Damith C. Rajapakse":{"java":0,"js":0,"scss":0,"json":0,"md":0,"py":0,"pug":0,"gradle":0,"sh":0,"yml":2},"HCY123902":{"java":28,"js":42,"scss":0,"json":0,"md":539,"py":0,"pug":2,"gradle":0,"sh":0,"yml":0},"Vighnesh Iyer":{"java":1424,"js":0,"scss":0,"json":0,"md":31,"py":0,"pug":0,"gradle":0,"sh":0,"yml":0}},"authorContributionVariance":{"Hsu Zhong Jun":2055.4854,"Chan Ger Hean":16471.04,"Roland Yu Wenyang":570.8534,"Damith C. Rajapakse":0.15092972,"HCY123902":2472.65,"Vighnesh Iyer":9207.603},"authorDisplayNameMap":{"Hsu Zhong Jun":"Hsu Zhong Jun","Chan Ger Hean":"Chan Ger Hean","Roland Yu Wenyang":"Roland Yu Wenyang","Damith C. Rajapakse":"Damith C. Rajapakse","HCY123902":"HCY123902","Vighnesh Iyer":"Vighnesh Iyer"}}
