[{"path":"docs/userGuide/syntax/diagrams.mbdf","fileType":"mbdf","lines":[{"lineNumber":1,"author":{"gitId":"-"},"content":"## Diagrams","lastModifiedDate":"2020-06-09"},{"lineNumber":2,"author":{"gitId":"-"},"content":"","lastModifiedDate":"2020-06-09"},{"lineNumber":3,"author":{"gitId":"-"},"content":"You can use the [PlantUML](http://plantuml.com/) syntax to add diagrams.","lastModifiedDate":"2021-06-27"},{"lineNumber":4,"author":{"gitId":"-"},"content":"","lastModifiedDate":"2020-06-09"},{"lineNumber":5,"author":{"gitId":"-"},"content":"\u003cbox type\u003d\"warning\"\u003e","lastModifiedDate":"2020-06-09"},{"lineNumber":6,"author":{"gitId":"-"},"content":"","lastModifiedDate":"2020-06-09"},{"lineNumber":7,"author":{"gitId":"-"},"content":"**[Java](https://www.java.com/en/download/) and","lastModifiedDate":"2020-06-09"},{"lineNumber":8,"author":{"gitId":"-"},"content":"[Graphviz](https://www.graphviz.org/download/)","lastModifiedDate":"2020-06-09"},{"lineNumber":9,"author":{"gitId":"-"},"content":"must be installed to use this feature**","lastModifiedDate":"2020-06-09"},{"lineNumber":10,"author":{"gitId":"-"},"content":"","lastModifiedDate":"2020-06-09"},{"lineNumber":11,"author":{"gitId":"-"},"content":"* Java 8 or later (required to run the PlantUML JAR executable)","lastModifiedDate":"2020-06-09"},{"lineNumber":12,"author":{"gitId":"-"},"content":"* Graphviz v2.38 or later (required to generate _all_ diagrams)","lastModifiedDate":"2020-06-09"},{"lineNumber":13,"author":{"gitId":"-"},"content":"","lastModifiedDate":"2020-06-09"},{"lineNumber":14,"author":{"gitId":"-"},"content":"\u003c/box\u003e","lastModifiedDate":"2020-06-09"},{"lineNumber":15,"author":{"gitId":"-"},"content":"","lastModifiedDate":"2020-06-09"},{"lineNumber":16,"author":{"gitId":"-"},"content":"\u003cdiv id\u003d\"main-example\"\u003e","lastModifiedDate":"2020-12-12"},{"lineNumber":17,"author":{"gitId":"-"},"content":"\u003cinclude src\u003d\"outputBox.md\" boilerplate\u003e","lastModifiedDate":"2020-06-09"},{"lineNumber":18,"author":{"gitId":"-"},"content":"\u003cspan id\u003d\"code\"\u003e","lastModifiedDate":"2020-06-09"},{"lineNumber":19,"author":{"gitId":"-"},"content":"","lastModifiedDate":"2020-12-30"},{"lineNumber":20,"author":{"gitId":"-"},"content":"```","lastModifiedDate":"2020-06-09"},{"lineNumber":21,"author":{"gitId":"kimberlyohq"},"content":"\u003cpuml width\u003d\"300\"\u003e","lastModifiedDate":"2021-07-03"},{"lineNumber":22,"author":{"gitId":"-"},"content":"@startuml","lastModifiedDate":"2020-06-09"},{"lineNumber":23,"author":{"gitId":"-"},"content":"alice -\u003e bob ++ : hello","lastModifiedDate":"2020-06-09"},{"lineNumber":24,"author":{"gitId":"-"},"content":"bob -\u003e bob ++ : self call","lastModifiedDate":"2020-06-09"},{"lineNumber":25,"author":{"gitId":"-"},"content":"bob -\u003e bib ++  #005500 : hello","lastModifiedDate":"2020-06-09"},{"lineNumber":26,"author":{"gitId":"-"},"content":"bob -\u003e george ** : create","lastModifiedDate":"2020-06-09"},{"lineNumber":27,"author":{"gitId":"-"},"content":"return done","lastModifiedDate":"2020-06-09"},{"lineNumber":28,"author":{"gitId":"-"},"content":"return rc","lastModifiedDate":"2020-06-09"},{"lineNumber":29,"author":{"gitId":"-"},"content":"bob -\u003e george !! : delete","lastModifiedDate":"2020-06-09"},{"lineNumber":30,"author":{"gitId":"-"},"content":"return success","lastModifiedDate":"2020-06-09"},{"lineNumber":31,"author":{"gitId":"-"},"content":"@enduml","lastModifiedDate":"2020-06-09"},{"lineNumber":32,"author":{"gitId":"-"},"content":"\u003c/puml\u003e","lastModifiedDate":"2020-06-09"},{"lineNumber":33,"author":{"gitId":"-"},"content":"```","lastModifiedDate":"2020-06-09"},{"lineNumber":34,"author":{"gitId":"-"},"content":"\u003c/span\u003e","lastModifiedDate":"2020-06-09"},{"lineNumber":35,"author":{"gitId":"-"},"content":"","lastModifiedDate":"2020-06-09"},{"lineNumber":36,"author":{"gitId":"-"},"content":"\u003cspan id\u003d\"output\"\u003e","lastModifiedDate":"2020-06-09"},{"lineNumber":37,"author":{"gitId":"-"},"content":"\u003cpic src\u003d\"../diagrams/sequence.png\" width\u003d\"300\" /\u003e","lastModifiedDate":"2020-06-09"},{"lineNumber":38,"author":{"gitId":"-"},"content":"\u003c/div\u003e","lastModifiedDate":"2020-12-12"},{"lineNumber":39,"author":{"gitId":"-"},"content":"","lastModifiedDate":"2020-06-09"},{"lineNumber":40,"author":{"gitId":"-"},"content":"\u003c/include\u003e","lastModifiedDate":"2020-06-09"},{"lineNumber":41,"author":{"gitId":"-"},"content":"\u003c/span\u003e","lastModifiedDate":"2020-06-09"},{"lineNumber":42,"author":{"gitId":"-"},"content":"","lastModifiedDate":"2020-06-09"},{"lineNumber":43,"author":{"gitId":"-"},"content":"Alternatively, a PlantUML diagram can be specified in a separate `.puml` file and inserted into a page using a `\u003cpuml\u003e` tag.","lastModifiedDate":"2020-06-09"},{"lineNumber":44,"author":{"gitId":"-"},"content":"","lastModifiedDate":"2020-06-09"},{"lineNumber":45,"author":{"gitId":"-"},"content":"\u003cinclude src\u003d\"outputBox.md\" boilerplate\u003e","lastModifiedDate":"2020-06-09"},{"lineNumber":46,"author":{"gitId":"-"},"content":"\u003cspan id\u003d\"code\"\u003e","lastModifiedDate":"2020-06-09"},{"lineNumber":47,"author":{"gitId":"-"},"content":"","lastModifiedDate":"2020-06-09"},{"lineNumber":48,"author":{"gitId":"-"},"content":"`diagrams/sequence.puml`:","lastModifiedDate":"2020-06-09"},{"lineNumber":49,"author":{"gitId":"-"},"content":"```","lastModifiedDate":"2020-06-09"},{"lineNumber":50,"author":{"gitId":"-"},"content":"@startuml","lastModifiedDate":"2020-06-09"},{"lineNumber":51,"author":{"gitId":"-"},"content":"alice -\u003e bob ++ : hello","lastModifiedDate":"2020-06-09"},{"lineNumber":52,"author":{"gitId":"-"},"content":"bob -\u003e bob ++ : self call","lastModifiedDate":"2020-06-09"},{"lineNumber":53,"author":{"gitId":"-"},"content":"bob -\u003e bib ++  #005500 : hello","lastModifiedDate":"2020-06-09"},{"lineNumber":54,"author":{"gitId":"-"},"content":"bob -\u003e george ** : create","lastModifiedDate":"2020-06-09"},{"lineNumber":55,"author":{"gitId":"-"},"content":"return done","lastModifiedDate":"2020-06-09"},{"lineNumber":56,"author":{"gitId":"-"},"content":"return rc","lastModifiedDate":"2020-06-09"},{"lineNumber":57,"author":{"gitId":"-"},"content":"bob -\u003e george !! : delete","lastModifiedDate":"2020-06-09"},{"lineNumber":58,"author":{"gitId":"-"},"content":"return success","lastModifiedDate":"2020-06-09"},{"lineNumber":59,"author":{"gitId":"-"},"content":"@enduml","lastModifiedDate":"2020-06-09"},{"lineNumber":60,"author":{"gitId":"-"},"content":"```","lastModifiedDate":"2020-06-09"},{"lineNumber":61,"author":{"gitId":"-"},"content":"","lastModifiedDate":"2020-06-09"},{"lineNumber":62,"author":{"gitId":"-"},"content":"in another file:","lastModifiedDate":"2020-06-09"},{"lineNumber":63,"author":{"gitId":"-"},"content":"```html","lastModifiedDate":"2020-06-09"},{"lineNumber":64,"author":{"gitId":"-"},"content":"\u003cpuml src\u003d\"diagrams/sequence.puml\" width\u003d300 /\u003e","lastModifiedDate":"2020-06-09"},{"lineNumber":65,"author":{"gitId":"-"},"content":"```","lastModifiedDate":"2020-06-09"},{"lineNumber":66,"author":{"gitId":"-"},"content":"\u003c/span\u003e","lastModifiedDate":"2020-06-09"},{"lineNumber":67,"author":{"gitId":"-"},"content":"","lastModifiedDate":"2020-06-09"},{"lineNumber":68,"author":{"gitId":"-"},"content":"\u003cspan id\u003d\"output\"\u003e","lastModifiedDate":"2020-06-09"},{"lineNumber":69,"author":{"gitId":"-"},"content":"\u003cpic src\u003d\"../diagrams/sequence.png\" width\u003d\"300\" /\u003e","lastModifiedDate":"2020-06-09"},{"lineNumber":70,"author":{"gitId":"-"},"content":"\u003c/span\u003e","lastModifiedDate":"2020-06-09"},{"lineNumber":71,"author":{"gitId":"-"},"content":"","lastModifiedDate":"2020-06-09"},{"lineNumber":72,"author":{"gitId":"-"},"content":"\u003c/include\u003e","lastModifiedDate":"2020-06-09"},{"lineNumber":73,"author":{"gitId":"-"},"content":"","lastModifiedDate":"2020-06-09"},{"lineNumber":74,"author":{"gitId":"-"},"content":"\u003cbox type\u003d\"info\"\u003e","lastModifiedDate":"2020-06-09"},{"lineNumber":75,"author":{"gitId":"-"},"content":"","lastModifiedDate":"2020-06-09"},{"lineNumber":76,"author":{"gitId":"-"},"content":"The full PlantUML syntax reference can be found at plantuml.com/guide","lastModifiedDate":"2020-06-09"},{"lineNumber":77,"author":{"gitId":"-"},"content":"\u003c/box\u003e","lastModifiedDate":"2020-06-09"},{"lineNumber":78,"author":{"gitId":"-"},"content":"","lastModifiedDate":"2020-06-09"},{"lineNumber":79,"author":{"gitId":"-"},"content":"\u003cpanel header\u003d\"More examples\"\u003e","lastModifiedDate":"2020-06-09"},{"lineNumber":80,"author":{"gitId":"-"},"content":"","lastModifiedDate":"2020-06-09"},{"lineNumber":81,"author":{"gitId":"-"},"content":"\u003cspan id\u003d\"puml-examples\"\u003e","lastModifiedDate":"2020-06-09"},{"lineNumber":82,"author":{"gitId":"-"},"content":"","lastModifiedDate":"2020-06-09"},{"lineNumber":83,"author":{"gitId":"-"},"content":"**Sequence Diagram**:\u003cbr\u003e","lastModifiedDate":"2020-06-09"},{"lineNumber":84,"author":{"gitId":"-"},"content":"\u003cpic src\u003d\"../diagrams/sequence.png\" /\u003e","lastModifiedDate":"2020-06-09"},{"lineNumber":85,"author":{"gitId":"-"},"content":"","lastModifiedDate":"2020-06-09"},{"lineNumber":86,"author":{"gitId":"-"},"content":"**Use Case Diagram**:\u003cbr\u003e","lastModifiedDate":"2020-06-09"},{"lineNumber":87,"author":{"gitId":"-"},"content":"\u003cpic src\u003d\"../diagrams/usecase.png\" /\u003e","lastModifiedDate":"2020-06-09"},{"lineNumber":88,"author":{"gitId":"-"},"content":"","lastModifiedDate":"2020-06-09"},{"lineNumber":89,"author":{"gitId":"-"},"content":"**Class Diagram**:\u003cbr\u003e","lastModifiedDate":"2020-06-09"},{"lineNumber":90,"author":{"gitId":"-"},"content":"\u003cpic src\u003d\"../diagrams/class.png\" /\u003e","lastModifiedDate":"2020-06-09"},{"lineNumber":91,"author":{"gitId":"-"},"content":"","lastModifiedDate":"2020-06-09"},{"lineNumber":92,"author":{"gitId":"-"},"content":"**Activity Diagram**:\u003cbr\u003e","lastModifiedDate":"2020-06-09"},{"lineNumber":93,"author":{"gitId":"-"},"content":"\u003cpic src\u003d\"../diagrams/activity.png\" /\u003e","lastModifiedDate":"2020-06-09"},{"lineNumber":94,"author":{"gitId":"-"},"content":"","lastModifiedDate":"2020-06-09"},{"lineNumber":95,"author":{"gitId":"-"},"content":"**Component Diagram**:\u003cbr\u003e","lastModifiedDate":"2020-06-09"},{"lineNumber":96,"author":{"gitId":"-"},"content":"\u003cpic src\u003d\"../diagrams/component.png\" /\u003e","lastModifiedDate":"2020-06-09"},{"lineNumber":97,"author":{"gitId":"-"},"content":"","lastModifiedDate":"2020-06-09"},{"lineNumber":98,"author":{"gitId":"-"},"content":"**State Diagram**:\u003cbr\u003e","lastModifiedDate":"2020-06-09"},{"lineNumber":99,"author":{"gitId":"-"},"content":"\u003cpic src\u003d\"../diagrams/state.png\" /\u003e","lastModifiedDate":"2020-06-09"},{"lineNumber":100,"author":{"gitId":"-"},"content":"","lastModifiedDate":"2020-06-09"},{"lineNumber":101,"author":{"gitId":"-"},"content":"**Object Diagram**:\u003cbr\u003e","lastModifiedDate":"2020-06-09"},{"lineNumber":102,"author":{"gitId":"-"},"content":"\u003cpic src\u003d\"../diagrams/object.png\" /\u003e","lastModifiedDate":"2020-06-09"},{"lineNumber":103,"author":{"gitId":"-"},"content":"","lastModifiedDate":"2020-06-09"},{"lineNumber":104,"author":{"gitId":"-"},"content":"**Gantt Diagram**:\u003cbr\u003e","lastModifiedDate":"2020-06-09"},{"lineNumber":105,"author":{"gitId":"-"},"content":"\u003cpic src\u003d\"../diagrams/gantt.png\" /\u003e","lastModifiedDate":"2020-06-09"},{"lineNumber":106,"author":{"gitId":"-"},"content":"","lastModifiedDate":"2020-06-09"},{"lineNumber":107,"author":{"gitId":"-"},"content":"**Entity Relation Diagram**:\u003cbr\u003e","lastModifiedDate":"2020-06-09"},{"lineNumber":108,"author":{"gitId":"-"},"content":"\u003cpic src\u003d\"../diagrams/entityrelation.png\" /\u003e","lastModifiedDate":"2020-06-09"},{"lineNumber":109,"author":{"gitId":"-"},"content":"","lastModifiedDate":"2020-06-09"},{"lineNumber":110,"author":{"gitId":"-"},"content":"**Ditaa Diagram**:\u003cbr\u003e","lastModifiedDate":"2020-06-09"},{"lineNumber":111,"author":{"gitId":"-"},"content":"\u003cpic src\u003d\"../diagrams/ditaa.png\" /\u003e","lastModifiedDate":"2020-06-09"},{"lineNumber":112,"author":{"gitId":"-"},"content":"","lastModifiedDate":"2020-06-09"},{"lineNumber":113,"author":{"gitId":"-"},"content":"**Archimate Diagram**:\u003cbr\u003e","lastModifiedDate":"2020-06-09"},{"lineNumber":114,"author":{"gitId":"-"},"content":"\u003cpic src\u003d\"../diagrams/archimate.png\" /\u003e","lastModifiedDate":"2020-06-09"},{"lineNumber":115,"author":{"gitId":"-"},"content":"","lastModifiedDate":"2020-06-09"},{"lineNumber":116,"author":{"gitId":"-"},"content":"\u003c/span\u003e","lastModifiedDate":"2020-06-09"},{"lineNumber":117,"author":{"gitId":"-"},"content":"\u003c/panel\u003e","lastModifiedDate":"2020-06-09"},{"lineNumber":118,"author":{"gitId":"-"},"content":"\u003cp/\u003e","lastModifiedDate":"2020-06-09"},{"lineNumber":119,"author":{"gitId":"-"},"content":"","lastModifiedDate":"2020-06-09"},{"lineNumber":120,"author":{"gitId":"-"},"content":"****Options****","lastModifiedDate":"2020-06-09"},{"lineNumber":121,"author":{"gitId":"-"},"content":"Name | Type | Description","lastModifiedDate":"2020-06-09"},{"lineNumber":122,"author":{"gitId":"-"},"content":"--- | --- | ---","lastModifiedDate":"2020-06-09"},{"lineNumber":123,"author":{"gitId":"-"},"content":"alt | `string` | The alternative text of the diagram.","lastModifiedDate":"2020-06-09"},{"lineNumber":124,"author":{"gitId":"-"},"content":"height | `string` | The height of the diagram in pixels.","lastModifiedDate":"2020-06-09"},{"lineNumber":125,"author":{"gitId":"-"},"content":"name | `string` | The name of the output file.","lastModifiedDate":"2020-06-09"},{"lineNumber":126,"author":{"gitId":"-"},"content":"src | `string` | The URL of the diagram if your diagram is in another `.puml` file.\u003cbr\u003eThe URL can be specified as absolute or relative references. More info in: _[Intra-Site Links]({{baseUrl}}/userGuide/formattingContents.html#intraSiteLinks)_","lastModifiedDate":"2020-06-09"},{"lineNumber":127,"author":{"gitId":"-"},"content":"width | `string` | The width of the diagram in pixels.\u003cbr\u003eIf both width and height are specified, width takes priority over height. It is to maintain the diagram\u0027s aspect ratio.","lastModifiedDate":"2020-06-09"},{"lineNumber":128,"author":{"gitId":"-"},"content":"","lastModifiedDate":"2020-06-09"},{"lineNumber":129,"author":{"gitId":"-"},"content":"\u003cspan id\u003d\"short\" class\u003d\"d-none\"\u003e","lastModifiedDate":"2020-06-09"},{"lineNumber":130,"author":{"gitId":"-"},"content":"","lastModifiedDate":"2020-06-09"},{"lineNumber":131,"author":{"gitId":"-"},"content":"```","lastModifiedDate":"2020-06-09"},{"lineNumber":132,"author":{"gitId":"-"},"content":"\u003cpuml width\u003d300\u003e","lastModifiedDate":"2020-06-09"},{"lineNumber":133,"author":{"gitId":"-"},"content":"@startuml","lastModifiedDate":"2020-06-09"},{"lineNumber":134,"author":{"gitId":"-"},"content":"alice -\u003e bob ++ : hello","lastModifiedDate":"2020-06-09"},{"lineNumber":135,"author":{"gitId":"-"},"content":"bob -\u003e bob ++ : self call","lastModifiedDate":"2020-06-09"},{"lineNumber":136,"author":{"gitId":"-"},"content":"@enduml","lastModifiedDate":"2020-06-09"},{"lineNumber":137,"author":{"gitId":"-"},"content":"\u003c/puml\u003e","lastModifiedDate":"2020-06-09"},{"lineNumber":138,"author":{"gitId":"-"},"content":"```","lastModifiedDate":"2020-06-09"},{"lineNumber":139,"author":{"gitId":"-"},"content":"","lastModifiedDate":"2020-06-09"},{"lineNumber":140,"author":{"gitId":"-"},"content":"\u003c/span\u003e","lastModifiedDate":"2020-06-09"},{"lineNumber":141,"author":{"gitId":"-"},"content":"\u003cspan id\u003d\"examples\" class\u003d\"d-none\"\u003e","lastModifiedDate":"2020-06-09"},{"lineNumber":142,"author":{"gitId":"-"},"content":"","lastModifiedDate":"2020-06-09"},{"lineNumber":143,"author":{"gitId":"-"},"content":"\u003cinclude src\u003d\"diagrams.mbdf#puml-examples\" /\u003e","lastModifiedDate":"2020-06-09"},{"lineNumber":144,"author":{"gitId":"-"},"content":"","lastModifiedDate":"2020-06-09"},{"lineNumber":145,"author":{"gitId":"-"},"content":"\u003c/span\u003e","lastModifiedDate":"2020-06-09"}],"authorContributionMap":{"-":144,"kimberlyohq":1}},{"path":"docs/userGuide/syntax/pictures.mbdf","fileType":"mbdf","lines":[{"lineNumber":1,"author":{"gitId":"-"},"content":"## Pictures","lastModifiedDate":"2019-02-05"},{"lineNumber":2,"author":{"gitId":"-"},"content":"","lastModifiedDate":"2019-02-05"},{"lineNumber":3,"author":{"gitId":"-"},"content":"**A `pic` component allows you to add captions below the image.**","lastModifiedDate":"2019-02-05"},{"lineNumber":4,"author":{"gitId":"-"},"content":"","lastModifiedDate":"2019-02-05"},{"lineNumber":5,"author":{"gitId":"-"},"content":"\u003cinclude src\u003d\"codeAndOutput.md\" boilerplate \u003e","lastModifiedDate":"2020-04-15"},{"lineNumber":6,"author":{"gitId":"-"},"content":"\u003cvariable name\u003d\"highlightStyle\"\u003ehtml\u003c/variable\u003e","lastModifiedDate":"2020-04-15"},{"lineNumber":7,"author":{"gitId":"-"},"content":"\u003cvariable name\u003d\"code\"\u003e","lastModifiedDate":"2020-04-15"},{"lineNumber":8,"author":{"gitId":"-"},"content":"\u003cpic src\u003d\"https://markbind.org/images/logo-lightbackground.png\" width\u003d\"300\" alt\u003d\"Logo\"\u003e","lastModifiedDate":"2019-02-22"},{"lineNumber":9,"author":{"gitId":"-"},"content":"  MarkBind Logo","lastModifiedDate":"2019-02-05"},{"lineNumber":10,"author":{"gitId":"-"},"content":"\u003c/pic\u003e","lastModifiedDate":"2019-02-05"},{"lineNumber":11,"author":{"gitId":"kimberlyohq"},"content":"","lastModifiedDate":"2021-07-17"},{"lineNumber":12,"author":{"gitId":"kimberlyohq"},"content":"\u003cpic src\u003d\"https://markbind.org/images/logo-lightbackground.png\" width\u003d\"300\" alt\u003d\"Logo\" eager\u003e","lastModifiedDate":"2021-07-17"},{"lineNumber":13,"author":{"gitId":"kimberlyohq"},"content":"  MarkBind Logo","lastModifiedDate":"2021-07-17"},{"lineNumber":14,"author":{"gitId":"kimberlyohq"},"content":"\u003c/pic\u003e","lastModifiedDate":"2021-07-17"},{"lineNumber":15,"author":{"gitId":"-"},"content":"\u003c/variable\u003e","lastModifiedDate":"2020-04-15"},{"lineNumber":16,"author":{"gitId":"-"},"content":"\u003c/include\u003e","lastModifiedDate":"2019-02-05"},{"lineNumber":17,"author":{"gitId":"-"},"content":"","lastModifiedDate":"2019-02-05"},{"lineNumber":18,"author":{"gitId":"-"},"content":"****Options****","lastModifiedDate":"2019-02-05"},{"lineNumber":19,"author":{"gitId":"-"},"content":"Name | Type | Default | Description ","lastModifiedDate":"2019-02-05"},{"lineNumber":20,"author":{"gitId":"-"},"content":"--- | --- | --- | ---","lastModifiedDate":"2019-02-05"},{"lineNumber":21,"author":{"gitId":"-"},"content":"alt | `string` | | **This must be specified.**\u003cbr\u003eThe alternative text of the image.","lastModifiedDate":"2019-02-05"},{"lineNumber":22,"author":{"gitId":"-"},"content":"height | `string` | | The height of the image in pixels.","lastModifiedDate":"2019-02-05"},{"lineNumber":23,"author":{"gitId":"-"},"content":"src | `string` | | **This must be specified.**\u003cbr\u003eThe URL of the image.\u003cbr\u003eThe URL can be specified as absolute or relative references. More info in: _[Intra-Site Links]({{baseUrl}}/userGuide/formattingContents.html#intraSiteLinks)_","lastModifiedDate":"2019-04-16"},{"lineNumber":24,"author":{"gitId":"-"},"content":"width | `string` | | The width of the image in pixels.\u003cbr\u003eIf both width and height are specified, width takes priority over height. It is to maintain the image\u0027s aspect ratio.","lastModifiedDate":"2019-02-05"},{"lineNumber":25,"author":{"gitId":"kimberlyohq"},"content":"eager | `boolean` | false | The `\u003cpic\u003e` component lazy loads its images by default.\u003cbr\u003eIf you want to eagerly load the images, simply specify this attribute.","lastModifiedDate":"2021-07-17"},{"lineNumber":26,"author":{"gitId":"-"},"content":"","lastModifiedDate":"2019-02-05"},{"lineNumber":27,"author":{"gitId":"-"},"content":"\u003cspan id\u003d\"short\" class\u003d\"d-none\"\u003e","lastModifiedDate":"2019-02-05"},{"lineNumber":28,"author":{"gitId":"-"},"content":"","lastModifiedDate":"2019-02-05"},{"lineNumber":29,"author":{"gitId":"-"},"content":"```html","lastModifiedDate":"2019-02-05"},{"lineNumber":30,"author":{"gitId":"-"},"content":"\u003cpic src\u003d\"https://markbind.org/images/logo-lightbackground.png\" width\u003d\"300\" alt\u003d\"Logo\"\u003e","lastModifiedDate":"2019-02-22"},{"lineNumber":31,"author":{"gitId":"-"},"content":"  MarkBind Logo","lastModifiedDate":"2019-02-05"},{"lineNumber":32,"author":{"gitId":"-"},"content":"\u003c/pic\u003e","lastModifiedDate":"2019-02-05"},{"lineNumber":33,"author":{"gitId":"-"},"content":"```","lastModifiedDate":"2019-02-05"},{"lineNumber":34,"author":{"gitId":"-"},"content":"\u003c/span\u003e","lastModifiedDate":"2019-02-05"},{"lineNumber":35,"author":{"gitId":"-"},"content":"","lastModifiedDate":"2019-02-05"},{"lineNumber":36,"author":{"gitId":"-"},"content":"\u003cspan id\u003d\"examples\" class\u003d\"d-none\"\u003e","lastModifiedDate":"2019-02-05"},{"lineNumber":37,"author":{"gitId":"-"},"content":"","lastModifiedDate":"2019-02-05"},{"lineNumber":38,"author":{"gitId":"-"},"content":"\u003cpic src\u003d\"https://markbind.org/images/logo-lightbackground.png\" width\u003d\"300\" alt\u003d\"Logo\"\u003e","lastModifiedDate":"2019-02-22"},{"lineNumber":39,"author":{"gitId":"-"},"content":"  MarkBind Logo","lastModifiedDate":"2019-02-05"},{"lineNumber":40,"author":{"gitId":"-"},"content":"\u003c/pic\u003e","lastModifiedDate":"2019-02-05"},{"lineNumber":41,"author":{"gitId":"-"},"content":"\u003c/span\u003e","lastModifiedDate":"2019-02-05"}],"authorContributionMap":{"-":36,"kimberlyohq":5}},{"path":"package.json","fileType":"json","lines":[{"lineNumber":1,"author":{"gitId":"-"},"content":"{","lastModifiedDate":"2020-07-31"},{"lineNumber":2,"author":{"gitId":"-"},"content":"  \"name\": \"root\",","lastModifiedDate":"2020-07-31"},{"lineNumber":3,"author":{"gitId":"-"},"content":"  \"private\": true,","lastModifiedDate":"2020-07-31"},{"lineNumber":4,"author":{"gitId":"-"},"content":"  \"scripts\": {","lastModifiedDate":"2020-07-31"},{"lineNumber":5,"author":{"gitId":"-"},"content":"    \"build:web\": \"cd packages/core-web \u0026\u0026 npm run build\",","lastModifiedDate":"2020-08-11"},{"lineNumber":6,"author":{"gitId":"-"},"content":"    \"csslint\": \"stylelint **/*.css **/*.vue\",","lastModifiedDate":"2021-01-30"},{"lineNumber":7,"author":{"gitId":"-"},"content":"    \"csslintfix\": \"stylelint **/*.css **/*.vue --fix\",","lastModifiedDate":"2021-01-30"},{"lineNumber":8,"author":{"gitId":"-"},"content":"    \"lint\": \"eslint . --ext .js,.vue \u0026\u0026 npm run csslint\",","lastModifiedDate":"2020-07-31"},{"lineNumber":9,"author":{"gitId":"-"},"content":"    \"lintfix\": \"eslint . --ext .js,.vue --fix \u0026\u0026 npm run csslintfix\",","lastModifiedDate":"2020-07-31"},{"lineNumber":10,"author":{"gitId":"-"},"content":"    \"setup\": \"npm ci \u0026\u0026 lerna clean --yes \u0026\u0026 lerna bootstrap --hoist\",","lastModifiedDate":"2020-09-05"},{"lineNumber":11,"author":{"gitId":"tlylt"},"content":"    \"test\": \"npm run lint \u0026\u0026 lerna run test --stream\",","lastModifiedDate":"2021-08-11"},{"lineNumber":12,"author":{"gitId":"tlylt"},"content":"    \"updatetest\": \"lerna run updatetest --stream\"","lastModifiedDate":"2021-08-11"},{"lineNumber":13,"author":{"gitId":"-"},"content":"  },","lastModifiedDate":"2020-07-31"},{"lineNumber":14,"author":{"gitId":"-"},"content":"  \"devDependencies\": {","lastModifiedDate":"2020-07-31"},{"lineNumber":15,"author":{"gitId":"-"},"content":"    \"eslint\": \"^7.25.0\",","lastModifiedDate":"2021-04-28"},{"lineNumber":16,"author":{"gitId":"-"},"content":"    \"eslint-config-airbnb-base\": \"^14.2.1\",","lastModifiedDate":"2021-04-28"},{"lineNumber":17,"author":{"gitId":"-"},"content":"    \"eslint-plugin-import\": \"^2.22.1\",","lastModifiedDate":"2021-04-28"},{"lineNumber":18,"author":{"gitId":"-"},"content":"    \"eslint-plugin-lodash\": \"^7.2.0\",","lastModifiedDate":"2021-04-28"},{"lineNumber":19,"author":{"gitId":"-"},"content":"    \"stylelint\": \"^12.0.0\",","lastModifiedDate":"2020-07-31"},{"lineNumber":20,"author":{"gitId":"-"},"content":"    \"stylelint-config-standard\": \"^19.0.0\",","lastModifiedDate":"2020-07-31"},{"lineNumber":21,"author":{"gitId":"-"},"content":"    \"lerna\": \"^3.22.1\"","lastModifiedDate":"2020-07-31"},{"lineNumber":22,"author":{"gitId":"-"},"content":"  }","lastModifiedDate":"2020-07-31"},{"lineNumber":23,"author":{"gitId":"-"},"content":"}","lastModifiedDate":"2020-07-31"}],"authorContributionMap":{"tlylt":2,"-":21}},{"path":"packages/cli/test/functional/test.js","fileType":"js","lines":[{"lineNumber":1,"author":{"gitId":"-"},"content":"const path \u003d require(\u0027path\u0027);","lastModifiedDate":"2020-08-11"},{"lineNumber":2,"author":{"gitId":"-"},"content":"const fs \u003d require(\u0027fs-extra\u0027);","lastModifiedDate":"2020-09-20"},{"lineNumber":3,"author":{"gitId":"-"},"content":"const { execSync } \u003d require(\u0027child_process\u0027);","lastModifiedDate":"2020-08-11"},{"lineNumber":4,"author":{"gitId":"-"},"content":"","lastModifiedDate":"2020-08-11"},{"lineNumber":5,"author":{"gitId":"-"},"content":"const { compare } \u003d require(\u0027./testUtil/compare\u0027);","lastModifiedDate":"2020-08-11"},{"lineNumber":6,"author":{"gitId":"-"},"content":"const { cleanupConvert } \u003d require(\u0027./testUtil/cleanup\u0027);","lastModifiedDate":"2020-08-11"},{"lineNumber":7,"author":{"gitId":"-"},"content":"","lastModifiedDate":"2020-08-11"},{"lineNumber":8,"author":{"gitId":"-"},"content":"const {","lastModifiedDate":"2020-08-11"},{"lineNumber":9,"author":{"gitId":"-"},"content":"  testSites,","lastModifiedDate":"2020-08-11"},{"lineNumber":10,"author":{"gitId":"-"},"content":"  testConvertSites,","lastModifiedDate":"2020-08-11"},{"lineNumber":11,"author":{"gitId":"-"},"content":"  testTemplateSites,","lastModifiedDate":"2020-08-11"},{"lineNumber":12,"author":{"gitId":"-"},"content":"} \u003d require(\u0027./testSites\u0027);","lastModifiedDate":"2020-08-11"},{"lineNumber":13,"author":{"gitId":"-"},"content":"","lastModifiedDate":"2020-08-11"},{"lineNumber":14,"author":{"gitId":"-"},"content":"/* eslint-disable no-console */","lastModifiedDate":"2020-08-11"},{"lineNumber":15,"author":{"gitId":"-"},"content":"","lastModifiedDate":"2020-08-11"},{"lineNumber":16,"author":{"gitId":"-"},"content":"function printFailedMessage(err, siteName) {","lastModifiedDate":"2020-08-11"},{"lineNumber":17,"author":{"gitId":"-"},"content":"  console.log(err);","lastModifiedDate":"2020-08-11"},{"lineNumber":18,"author":{"gitId":"-"},"content":"  console.log(`Test result: ${siteName} FAILED`);","lastModifiedDate":"2020-08-11"},{"lineNumber":19,"author":{"gitId":"-"},"content":"}","lastModifiedDate":"2020-08-11"},{"lineNumber":20,"author":{"gitId":"-"},"content":"","lastModifiedDate":"2020-08-11"},{"lineNumber":21,"author":{"gitId":"tlylt"},"content":"process.env.TEST_MODE \u003d true;","lastModifiedDate":"2021-08-11"},{"lineNumber":22,"author":{"gitId":"-"},"content":"process.env.FORCE_COLOR \u003d \u00273\u0027;","lastModifiedDate":"2020-09-05"},{"lineNumber":23,"author":{"gitId":"-"},"content":"","lastModifiedDate":"2020-09-05"},{"lineNumber":24,"author":{"gitId":"-"},"content":"const execOptions \u003d {","lastModifiedDate":"2020-08-11"},{"lineNumber":25,"author":{"gitId":"-"},"content":"  stdio: [\u0027inherit\u0027, \u0027inherit\u0027, \u0027inherit\u0027],","lastModifiedDate":"2020-08-11"},{"lineNumber":26,"author":{"gitId":"-"},"content":"};","lastModifiedDate":"2020-08-11"},{"lineNumber":27,"author":{"gitId":"-"},"content":"","lastModifiedDate":"2020-08-11"},{"lineNumber":28,"author":{"gitId":"-"},"content":"testSites.forEach((siteName) \u003d\u003e {","lastModifiedDate":"2020-08-11"},{"lineNumber":29,"author":{"gitId":"-"},"content":"  console.log(`Running ${siteName} tests`);","lastModifiedDate":"2020-08-11"},{"lineNumber":30,"author":{"gitId":"-"},"content":"  try {","lastModifiedDate":"2020-08-11"},{"lineNumber":31,"author":{"gitId":"-"},"content":"    execSync(`node ../../index.js build ${siteName}`, execOptions);","lastModifiedDate":"2020-08-11"},{"lineNumber":32,"author":{"gitId":"-"},"content":"    compare(siteName);","lastModifiedDate":"2020-08-11"},{"lineNumber":33,"author":{"gitId":"-"},"content":"  } catch (err) {","lastModifiedDate":"2020-08-11"},{"lineNumber":34,"author":{"gitId":"-"},"content":"    printFailedMessage(err, siteName);","lastModifiedDate":"2020-08-11"},{"lineNumber":35,"author":{"gitId":"-"},"content":"    process.exit(1);","lastModifiedDate":"2020-08-11"},{"lineNumber":36,"author":{"gitId":"-"},"content":"  }","lastModifiedDate":"2020-08-11"},{"lineNumber":37,"author":{"gitId":"-"},"content":"});","lastModifiedDate":"2020-08-11"},{"lineNumber":38,"author":{"gitId":"-"},"content":"","lastModifiedDate":"2020-08-11"},{"lineNumber":39,"author":{"gitId":"-"},"content":"testConvertSites.forEach((siteName) \u003d\u003e {","lastModifiedDate":"2020-08-11"},{"lineNumber":40,"author":{"gitId":"-"},"content":"  console.log(`Running ${siteName} tests`);","lastModifiedDate":"2020-08-11"},{"lineNumber":41,"author":{"gitId":"-"},"content":"  const nonMarkBindSitePath \u003d path.join(siteName, \u0027non_markbind_site\u0027);","lastModifiedDate":"2020-08-11"},{"lineNumber":42,"author":{"gitId":"-"},"content":"  try {","lastModifiedDate":"2020-08-11"},{"lineNumber":43,"author":{"gitId":"-"},"content":"    execSync(`node ../../index.js init ${nonMarkBindSitePath} -c`, execOptions);","lastModifiedDate":"2020-08-11"},{"lineNumber":44,"author":{"gitId":"-"},"content":"    execSync(`node ../../index.js build ${nonMarkBindSitePath}`, execOptions);","lastModifiedDate":"2020-08-11"},{"lineNumber":45,"author":{"gitId":"-"},"content":"    compare(siteName, \u0027expected\u0027, \u0027non_markbind_site/_site\u0027);","lastModifiedDate":"2020-08-11"},{"lineNumber":46,"author":{"gitId":"-"},"content":"  } catch (err) {","lastModifiedDate":"2020-08-11"},{"lineNumber":47,"author":{"gitId":"-"},"content":"    printFailedMessage(err, siteName);","lastModifiedDate":"2020-08-11"},{"lineNumber":48,"author":{"gitId":"-"},"content":"    cleanupConvert(path.resolve(__dirname, siteName));","lastModifiedDate":"2020-08-11"},{"lineNumber":49,"author":{"gitId":"-"},"content":"    process.exit(1);","lastModifiedDate":"2020-08-11"},{"lineNumber":50,"author":{"gitId":"-"},"content":"  }","lastModifiedDate":"2020-08-11"},{"lineNumber":51,"author":{"gitId":"-"},"content":"  cleanupConvert(path.resolve(__dirname, siteName));","lastModifiedDate":"2020-08-11"},{"lineNumber":52,"author":{"gitId":"-"},"content":"});","lastModifiedDate":"2020-08-11"},{"lineNumber":53,"author":{"gitId":"-"},"content":"","lastModifiedDate":"2020-08-11"},{"lineNumber":54,"author":{"gitId":"-"},"content":"testTemplateSites.forEach((templateAndSitePath) \u003d\u003e {","lastModifiedDate":"2020-08-11"},{"lineNumber":55,"author":{"gitId":"-"},"content":"  const flag \u003d templateAndSitePath.split(\u0027,\u0027)[0];","lastModifiedDate":"2020-08-11"},{"lineNumber":56,"author":{"gitId":"-"},"content":"  const sitePath \u003d templateAndSitePath.split(\u0027,\u0027)[1];","lastModifiedDate":"2020-08-11"},{"lineNumber":57,"author":{"gitId":"-"},"content":"  const siteCreationTempPath \u003d path.join(sitePath, \u0027tmp\u0027);","lastModifiedDate":"2020-08-11"},{"lineNumber":58,"author":{"gitId":"-"},"content":"","lastModifiedDate":"2020-08-11"},{"lineNumber":59,"author":{"gitId":"-"},"content":"  console.log(`Running ${sitePath} tests`);","lastModifiedDate":"2020-08-11"},{"lineNumber":60,"author":{"gitId":"-"},"content":"  try {","lastModifiedDate":"2020-08-11"},{"lineNumber":61,"author":{"gitId":"-"},"content":"    execSync(`node ../../index.js init ${siteCreationTempPath} --template ${flag}`, execOptions);","lastModifiedDate":"2020-08-11"},{"lineNumber":62,"author":{"gitId":"-"},"content":"    execSync(`node ../../index.js build ${siteCreationTempPath}`, execOptions);","lastModifiedDate":"2020-08-11"},{"lineNumber":63,"author":{"gitId":"-"},"content":"    compare(sitePath, \u0027expected\u0027, \u0027tmp/_site\u0027);","lastModifiedDate":"2020-08-11"},{"lineNumber":64,"author":{"gitId":"-"},"content":"  } catch (err) {","lastModifiedDate":"2020-08-11"},{"lineNumber":65,"author":{"gitId":"-"},"content":"    printFailedMessage(err, sitePath);","lastModifiedDate":"2020-08-11"},{"lineNumber":66,"author":{"gitId":"-"},"content":"    fs.removeSync(path.resolve(__dirname, siteCreationTempPath));","lastModifiedDate":"2020-08-11"},{"lineNumber":67,"author":{"gitId":"-"},"content":"    process.exit(1);","lastModifiedDate":"2020-08-11"},{"lineNumber":68,"author":{"gitId":"-"},"content":"  }","lastModifiedDate":"2020-08-11"},{"lineNumber":69,"author":{"gitId":"-"},"content":"  fs.removeSync(path.resolve(__dirname, siteCreationTempPath));","lastModifiedDate":"2020-08-11"},{"lineNumber":70,"author":{"gitId":"-"},"content":"});","lastModifiedDate":"2020-08-11"},{"lineNumber":71,"author":{"gitId":"-"},"content":"","lastModifiedDate":"2020-08-11"},{"lineNumber":72,"author":{"gitId":"-"},"content":"console.log(\u0027Test result: PASSED\u0027);","lastModifiedDate":"2020-08-11"}],"authorContributionMap":{"tlylt":1,"-":71}},{"path":"packages/cli/test/functional/updatetest.js","fileType":"js","lines":[{"lineNumber":1,"author":{"gitId":"-"},"content":"const path \u003d require(\u0027path\u0027);","lastModifiedDate":"2020-08-11"},{"lineNumber":2,"author":{"gitId":"-"},"content":"const fs \u003d require(\u0027fs-extra\u0027);","lastModifiedDate":"2020-09-20"},{"lineNumber":3,"author":{"gitId":"-"},"content":"const { execSync } \u003d require(\u0027child_process\u0027);","lastModifiedDate":"2020-08-11"},{"lineNumber":4,"author":{"gitId":"-"},"content":"","lastModifiedDate":"2020-08-11"},{"lineNumber":5,"author":{"gitId":"-"},"content":"const { cleanupConvert } \u003d require(\u0027./testUtil/cleanup\u0027);","lastModifiedDate":"2020-08-11"},{"lineNumber":6,"author":{"gitId":"-"},"content":"","lastModifiedDate":"2020-08-11"},{"lineNumber":7,"author":{"gitId":"-"},"content":"const {","lastModifiedDate":"2020-08-11"},{"lineNumber":8,"author":{"gitId":"-"},"content":"  testSites,","lastModifiedDate":"2020-08-11"},{"lineNumber":9,"author":{"gitId":"-"},"content":"  testConvertSites,","lastModifiedDate":"2020-08-11"},{"lineNumber":10,"author":{"gitId":"-"},"content":"  testTemplateSites,","lastModifiedDate":"2020-08-11"},{"lineNumber":11,"author":{"gitId":"-"},"content":"} \u003d require(\u0027./testSites\u0027);","lastModifiedDate":"2020-08-11"},{"lineNumber":12,"author":{"gitId":"-"},"content":"","lastModifiedDate":"2020-08-11"},{"lineNumber":13,"author":{"gitId":"-"},"content":"/* eslint-disable no-console */","lastModifiedDate":"2020-08-11"},{"lineNumber":14,"author":{"gitId":"-"},"content":"","lastModifiedDate":"2020-08-11"},{"lineNumber":15,"author":{"gitId":"-"},"content":"function printFailedMessage(err, siteName) {","lastModifiedDate":"2020-08-11"},{"lineNumber":16,"author":{"gitId":"-"},"content":"  console.log(err);","lastModifiedDate":"2020-08-11"},{"lineNumber":17,"author":{"gitId":"-"},"content":"  console.log(`Failed to update: ${siteName}`);","lastModifiedDate":"2020-08-11"},{"lineNumber":18,"author":{"gitId":"-"},"content":"}","lastModifiedDate":"2020-08-11"},{"lineNumber":19,"author":{"gitId":"-"},"content":"","lastModifiedDate":"2020-08-11"},{"lineNumber":20,"author":{"gitId":"tlylt"},"content":"process.env.TEST_MODE \u003d true;","lastModifiedDate":"2021-08-11"},{"lineNumber":21,"author":{"gitId":"-"},"content":"process.env.FORCE_COLOR \u003d \u00273\u0027;","lastModifiedDate":"2020-09-05"},{"lineNumber":22,"author":{"gitId":"-"},"content":"","lastModifiedDate":"2020-09-05"},{"lineNumber":23,"author":{"gitId":"-"},"content":"const execOptions \u003d {","lastModifiedDate":"2020-08-11"},{"lineNumber":24,"author":{"gitId":"-"},"content":"  stdio: [\u0027inherit\u0027, \u0027inherit\u0027, \u0027inherit\u0027],","lastModifiedDate":"2020-08-11"},{"lineNumber":25,"author":{"gitId":"-"},"content":"};","lastModifiedDate":"2020-08-11"},{"lineNumber":26,"author":{"gitId":"-"},"content":"","lastModifiedDate":"2020-08-11"},{"lineNumber":27,"author":{"gitId":"-"},"content":"testSites.forEach((siteName) \u003d\u003e {","lastModifiedDate":"2020-08-11"},{"lineNumber":28,"author":{"gitId":"-"},"content":"  console.log(`Updating ${siteName}`);","lastModifiedDate":"2020-08-11"},{"lineNumber":29,"author":{"gitId":"-"},"content":"  try {","lastModifiedDate":"2020-08-11"},{"lineNumber":30,"author":{"gitId":"-"},"content":"    execSync(`node ../../index.js build ${siteName} ${siteName}/expected`, execOptions);","lastModifiedDate":"2020-08-11"},{"lineNumber":31,"author":{"gitId":"-"},"content":"  } catch (err) {","lastModifiedDate":"2020-08-11"},{"lineNumber":32,"author":{"gitId":"-"},"content":"    printFailedMessage(err, siteName);","lastModifiedDate":"2020-08-11"},{"lineNumber":33,"author":{"gitId":"-"},"content":"    process.exit(1);","lastModifiedDate":"2020-08-11"},{"lineNumber":34,"author":{"gitId":"-"},"content":"  }","lastModifiedDate":"2020-08-11"},{"lineNumber":35,"author":{"gitId":"-"},"content":"});","lastModifiedDate":"2020-08-11"},{"lineNumber":36,"author":{"gitId":"-"},"content":"","lastModifiedDate":"2020-08-11"},{"lineNumber":37,"author":{"gitId":"-"},"content":"testConvertSites.forEach((siteName) \u003d\u003e {","lastModifiedDate":"2020-08-11"},{"lineNumber":38,"author":{"gitId":"-"},"content":"  console.log(`Updating ${siteName}`);","lastModifiedDate":"2020-08-11"},{"lineNumber":39,"author":{"gitId":"-"},"content":"  const nonMarkBindSitePath \u003d path.join(siteName, \u0027non_markbind_site\u0027);","lastModifiedDate":"2020-08-11"},{"lineNumber":40,"author":{"gitId":"-"},"content":"  const expectedOutputDirectory \u003d path.join(siteName, \u0027expected\u0027);","lastModifiedDate":"2020-08-11"},{"lineNumber":41,"author":{"gitId":"-"},"content":"  try {","lastModifiedDate":"2020-08-11"},{"lineNumber":42,"author":{"gitId":"-"},"content":"    execSync(`node ../../index.js init ${nonMarkBindSitePath} -c`, execOptions);","lastModifiedDate":"2020-08-11"},{"lineNumber":43,"author":{"gitId":"-"},"content":"    execSync(`node ../../index.js build ${nonMarkBindSitePath} ${expectedOutputDirectory}`, execOptions);","lastModifiedDate":"2020-08-11"},{"lineNumber":44,"author":{"gitId":"-"},"content":"  } catch (err) {","lastModifiedDate":"2020-08-11"},{"lineNumber":45,"author":{"gitId":"-"},"content":"    printFailedMessage(err, siteName);","lastModifiedDate":"2020-08-11"},{"lineNumber":46,"author":{"gitId":"-"},"content":"    cleanupConvert(path.resolve(__dirname, siteName));","lastModifiedDate":"2020-08-11"},{"lineNumber":47,"author":{"gitId":"-"},"content":"    process.exit(1);","lastModifiedDate":"2020-08-11"},{"lineNumber":48,"author":{"gitId":"-"},"content":"  }","lastModifiedDate":"2020-08-11"},{"lineNumber":49,"author":{"gitId":"-"},"content":"  cleanupConvert(path.resolve(__dirname, siteName));","lastModifiedDate":"2020-08-11"},{"lineNumber":50,"author":{"gitId":"-"},"content":"});","lastModifiedDate":"2020-08-11"},{"lineNumber":51,"author":{"gitId":"-"},"content":"","lastModifiedDate":"2020-08-11"},{"lineNumber":52,"author":{"gitId":"-"},"content":"testTemplateSites.forEach((templateAndSitePath) \u003d\u003e {","lastModifiedDate":"2020-08-11"},{"lineNumber":53,"author":{"gitId":"-"},"content":"  const flag \u003d templateAndSitePath.split(\u0027,\u0027)[0];","lastModifiedDate":"2020-08-11"},{"lineNumber":54,"author":{"gitId":"-"},"content":"  const sitePath \u003d templateAndSitePath.split(\u0027,\u0027)[1];","lastModifiedDate":"2020-08-11"},{"lineNumber":55,"author":{"gitId":"-"},"content":"  const siteCreationTempPath \u003d path.join(sitePath, \u0027tmp\u0027);","lastModifiedDate":"2020-08-11"},{"lineNumber":56,"author":{"gitId":"-"},"content":"  const expectedOutputDirectory \u003d path.join(sitePath, \u0027expected\u0027);","lastModifiedDate":"2020-08-11"},{"lineNumber":57,"author":{"gitId":"-"},"content":"","lastModifiedDate":"2020-08-11"},{"lineNumber":58,"author":{"gitId":"-"},"content":"  console.log(`Updating ${sitePath}`);","lastModifiedDate":"2020-08-11"},{"lineNumber":59,"author":{"gitId":"-"},"content":"  try {","lastModifiedDate":"2020-08-11"},{"lineNumber":60,"author":{"gitId":"-"},"content":"    execSync(`node ../../index.js init ${siteCreationTempPath} --template ${flag}`, execOptions);","lastModifiedDate":"2020-08-11"},{"lineNumber":61,"author":{"gitId":"-"},"content":"    execSync(`node ../../index.js build ${siteCreationTempPath} ${expectedOutputDirectory}`, execOptions);","lastModifiedDate":"2020-08-11"},{"lineNumber":62,"author":{"gitId":"-"},"content":"  } catch (err) {","lastModifiedDate":"2020-08-11"},{"lineNumber":63,"author":{"gitId":"-"},"content":"    printFailedMessage(err, sitePath);","lastModifiedDate":"2020-08-11"},{"lineNumber":64,"author":{"gitId":"-"},"content":"    fs.removeSync(path.resolve(__dirname, siteCreationTempPath));","lastModifiedDate":"2020-08-11"},{"lineNumber":65,"author":{"gitId":"-"},"content":"    process.exit(1);","lastModifiedDate":"2020-08-11"},{"lineNumber":66,"author":{"gitId":"-"},"content":"  }","lastModifiedDate":"2020-08-11"},{"lineNumber":67,"author":{"gitId":"-"},"content":"  fs.removeSync(path.resolve(__dirname, siteCreationTempPath));","lastModifiedDate":"2020-08-11"},{"lineNumber":68,"author":{"gitId":"-"},"content":"});","lastModifiedDate":"2020-08-11"},{"lineNumber":69,"author":{"gitId":"-"},"content":"","lastModifiedDate":"2020-08-11"},{"lineNumber":70,"author":{"gitId":"-"},"content":"console.log(\u0027Updated all test sites\u0027);","lastModifiedDate":"2020-08-11"}],"authorContributionMap":{"tlylt":1,"-":69}},{"path":"packages/vue-components/src/PageNavButton.vue","fileType":"vue","lines":[{"lineNumber":1,"author":{"gitId":"-"},"content":"\u003ctemplate\u003e","lastModifiedDate":"2021-02-06"},{"lineNumber":2,"author":{"gitId":"-"},"content":"  \u003coverlay","lastModifiedDate":"2021-02-06"},{"lineNumber":3,"author":{"gitId":"-"},"content":"    v-if\u003d\"showPageNav\"","lastModifiedDate":"2021-02-06"},{"lineNumber":4,"author":{"gitId":"-"},"content":"    type\u003d\"pageNav\"","lastModifiedDate":"2021-02-06"},{"lineNumber":5,"author":{"gitId":"-"},"content":"    :portal-name\u003d\"portalName\"","lastModifiedDate":"2021-05-01"},{"lineNumber":6,"author":{"gitId":"-"},"content":"  \u003e","lastModifiedDate":"2021-02-06"},{"lineNumber":7,"author":{"gitId":"-"},"content":"    \u003ctemplate #navMenuIcon\u003e","lastModifiedDate":"2021-02-24"},{"lineNumber":8,"author":{"gitId":"kimberlyohq"},"content":"      \u003cdiv :class\u003d\"[\u0027toggle-page-nav-button\u0027]\"\u003e","lastModifiedDate":"2021-06-26"},{"lineNumber":9,"author":{"gitId":"kimberlyohq"},"content":"        \u003cspan\u003e\u003c/span\u003e","lastModifiedDate":"2021-06-26"},{"lineNumber":10,"author":{"gitId":"kimberlyohq"},"content":"        \u003cspan\u003e\u003c/span\u003e","lastModifiedDate":"2021-06-26"},{"lineNumber":11,"author":{"gitId":"kimberlyohq"},"content":"        \u003cspan\u003e\u003c/span\u003e","lastModifiedDate":"2021-06-26"},{"lineNumber":12,"author":{"gitId":"kimberlyohq"},"content":"      \u003c/div\u003e","lastModifiedDate":"2021-06-26"},{"lineNumber":13,"author":{"gitId":"-"},"content":"    \u003c/template\u003e","lastModifiedDate":"2021-02-24"},{"lineNumber":14,"author":{"gitId":"-"},"content":"  \u003c/overlay\u003e","lastModifiedDate":"2021-02-06"},{"lineNumber":15,"author":{"gitId":"-"},"content":"\u003c/template\u003e","lastModifiedDate":"2021-02-06"},{"lineNumber":16,"author":{"gitId":"-"},"content":"","lastModifiedDate":"2021-02-06"},{"lineNumber":17,"author":{"gitId":"-"},"content":"\u003cscript\u003e","lastModifiedDate":"2021-02-06"},{"lineNumber":18,"author":{"gitId":"-"},"content":"import $ from \u0027./utils/NodeList\u0027;","lastModifiedDate":"2021-02-06"},{"lineNumber":19,"author":{"gitId":"-"},"content":"","lastModifiedDate":"2021-02-06"},{"lineNumber":20,"author":{"gitId":"-"},"content":"export default {","lastModifiedDate":"2021-02-06"},{"lineNumber":21,"author":{"gitId":"-"},"content":"  data() {","lastModifiedDate":"2021-02-06"},{"lineNumber":22,"author":{"gitId":"-"},"content":"    return {","lastModifiedDate":"2021-02-06"},{"lineNumber":23,"author":{"gitId":"-"},"content":"      portalName: undefined,","lastModifiedDate":"2021-05-01"},{"lineNumber":24,"author":{"gitId":"-"},"content":"      show: false,","lastModifiedDate":"2021-02-06"},{"lineNumber":25,"author":{"gitId":"-"},"content":"    };","lastModifiedDate":"2021-02-06"},{"lineNumber":26,"author":{"gitId":"-"},"content":"  },","lastModifiedDate":"2021-02-06"},{"lineNumber":27,"author":{"gitId":"-"},"content":"  computed: {","lastModifiedDate":"2021-02-06"},{"lineNumber":28,"author":{"gitId":"-"},"content":"    showPageNav() {","lastModifiedDate":"2021-02-06"},{"lineNumber":29,"author":{"gitId":"-"},"content":"      return this.show \u0026\u0026 this.portalName;","lastModifiedDate":"2021-05-01"},{"lineNumber":30,"author":{"gitId":"-"},"content":"    },","lastModifiedDate":"2021-02-06"},{"lineNumber":31,"author":{"gitId":"-"},"content":"  },","lastModifiedDate":"2021-02-06"},{"lineNumber":32,"author":{"gitId":"-"},"content":"  methods: {","lastModifiedDate":"2021-02-06"},{"lineNumber":33,"author":{"gitId":"-"},"content":"    togglePageNavButton() {","lastModifiedDate":"2021-02-06"},{"lineNumber":34,"author":{"gitId":"-"},"content":"      if (window.innerWidth \u003c 1300) {","lastModifiedDate":"2021-02-06"},{"lineNumber":35,"author":{"gitId":"-"},"content":"        this.show \u003d true;","lastModifiedDate":"2021-02-06"},{"lineNumber":36,"author":{"gitId":"-"},"content":"      } else {","lastModifiedDate":"2021-02-06"},{"lineNumber":37,"author":{"gitId":"-"},"content":"        this.show \u003d false;","lastModifiedDate":"2021-02-06"},{"lineNumber":38,"author":{"gitId":"-"},"content":"      }","lastModifiedDate":"2021-02-06"},{"lineNumber":39,"author":{"gitId":"-"},"content":"    },","lastModifiedDate":"2021-02-06"},{"lineNumber":40,"author":{"gitId":"-"},"content":"  },","lastModifiedDate":"2021-02-06"},{"lineNumber":41,"author":{"gitId":"-"},"content":"  mounted() {","lastModifiedDate":"2021-02-06"},{"lineNumber":42,"author":{"gitId":"-"},"content":"    if (document.querySelector(\u0027#page-nav a\u0027) !\u003d\u003d null) {","lastModifiedDate":"2021-05-05"},{"lineNumber":43,"author":{"gitId":"-"},"content":"      this.portalName \u003d \u0027page-nav\u0027;","lastModifiedDate":"2021-05-01"},{"lineNumber":44,"author":{"gitId":"-"},"content":"    } else if (document.querySelector(\u0027#mb-page-nav a\u0027) !\u003d\u003d null) {","lastModifiedDate":"2021-05-05"},{"lineNumber":45,"author":{"gitId":"-"},"content":"      this.portalName \u003d \u0027mb-page-nav\u0027;","lastModifiedDate":"2021-05-01"},{"lineNumber":46,"author":{"gitId":"-"},"content":"    }","lastModifiedDate":"2021-05-01"},{"lineNumber":47,"author":{"gitId":"-"},"content":"","lastModifiedDate":"2021-05-01"},{"lineNumber":48,"author":{"gitId":"-"},"content":"    this.togglePageNavButton();","lastModifiedDate":"2021-02-06"},{"lineNumber":49,"author":{"gitId":"-"},"content":"    $(window).on(\u0027resize\u0027, this.togglePageNavButton);","lastModifiedDate":"2021-02-06"},{"lineNumber":50,"author":{"gitId":"-"},"content":"  },","lastModifiedDate":"2021-02-06"},{"lineNumber":51,"author":{"gitId":"-"},"content":"  beforeDestroy() {","lastModifiedDate":"2021-02-06"},{"lineNumber":52,"author":{"gitId":"-"},"content":"    $(window).off(\u0027resize\u0027, this.togglePageNavButton);","lastModifiedDate":"2021-02-06"},{"lineNumber":53,"author":{"gitId":"-"},"content":"  },","lastModifiedDate":"2021-02-06"},{"lineNumber":54,"author":{"gitId":"-"},"content":"};","lastModifiedDate":"2021-02-06"},{"lineNumber":55,"author":{"gitId":"-"},"content":"\u003c/script\u003e","lastModifiedDate":"2021-02-06"},{"lineNumber":56,"author":{"gitId":"-"},"content":"","lastModifiedDate":"2021-02-06"},{"lineNumber":57,"author":{"gitId":"-"},"content":"\u003cstyle scoped\u003e","lastModifiedDate":"2021-02-06"},{"lineNumber":58,"author":{"gitId":"-"},"content":"    .toggle-page-nav-button {","lastModifiedDate":"2021-02-06"},{"lineNumber":59,"author":{"gitId":"-"},"content":"        cursor: pointer;","lastModifiedDate":"2021-02-06"},{"lineNumber":60,"author":{"gitId":"kimberlyohq"},"content":"        top: 6px;","lastModifiedDate":"2021-06-26"},{"lineNumber":61,"author":{"gitId":"-"},"content":"        padding: 15px;","lastModifiedDate":"2021-02-06"},{"lineNumber":62,"author":{"gitId":"-"},"content":"        position: absolute;","lastModifiedDate":"2021-02-06"},{"lineNumber":63,"author":{"gitId":"kimberlyohq"},"content":"        right: 0;","lastModifiedDate":"2021-06-26"},{"lineNumber":64,"author":{"gitId":"-"},"content":"    }","lastModifiedDate":"2021-06-26"},{"lineNumber":65,"author":{"gitId":"-"},"content":"","lastModifiedDate":"2021-06-26"},{"lineNumber":66,"author":{"gitId":"kimberlyohq"},"content":"    .toggle-page-nav-button span {","lastModifiedDate":"2021-06-26"},{"lineNumber":67,"author":{"gitId":"kimberlyohq"},"content":"        background-color: #000;","lastModifiedDate":"2021-06-26"},{"lineNumber":68,"author":{"gitId":"kimberlyohq"},"content":"        border-radius: 50%;","lastModifiedDate":"2021-06-26"},{"lineNumber":69,"author":{"gitId":"kimberlyohq"},"content":"        display: block;","lastModifiedDate":"2021-06-26"},{"lineNumber":70,"author":{"gitId":"kimberlyohq"},"content":"        height: 5px;","lastModifiedDate":"2021-06-26"},{"lineNumber":71,"author":{"gitId":"kimberlyohq"},"content":"        margin-top: 2px;","lastModifiedDate":"2021-06-26"},{"lineNumber":72,"author":{"gitId":"kimberlyohq"},"content":"        position: absolute;","lastModifiedDate":"2021-06-26"},{"lineNumber":73,"author":{"gitId":"kimberlyohq"},"content":"        right: 15px;","lastModifiedDate":"2021-06-26"},{"lineNumber":74,"author":{"gitId":"kimberlyohq"},"content":"        transform: rotate(0deg);","lastModifiedDate":"2021-06-26"},{"lineNumber":75,"author":{"gitId":"kimberlyohq"},"content":"        transition: all 0.25s ease-in-out;","lastModifiedDate":"2021-06-26"},{"lineNumber":76,"author":{"gitId":"kimberlyohq"},"content":"        width: 5px;","lastModifiedDate":"2021-06-26"},{"lineNumber":77,"author":{"gitId":"-"},"content":"    }","lastModifiedDate":"2021-06-26"},{"lineNumber":78,"author":{"gitId":"kimberlyohq"},"content":"","lastModifiedDate":"2021-06-26"},{"lineNumber":79,"author":{"gitId":"kimberlyohq"},"content":"    .toggle-page-nav-button \u003e span:nth-child(1) {","lastModifiedDate":"2021-06-26"},{"lineNumber":80,"author":{"gitId":"kimberlyohq"},"content":"        transform: translateY(-8px);","lastModifiedDate":"2021-06-26"},{"lineNumber":81,"author":{"gitId":"kimberlyohq"},"content":"    }","lastModifiedDate":"2021-06-26"},{"lineNumber":82,"author":{"gitId":"kimberlyohq"},"content":"","lastModifiedDate":"2021-06-26"},{"lineNumber":83,"author":{"gitId":"kimberlyohq"},"content":"    .toggle-page-nav-button \u003e span:nth-child(2) {","lastModifiedDate":"2021-06-26"},{"lineNumber":84,"author":{"gitId":"kimberlyohq"},"content":"        transform-origin: 100% 50%;","lastModifiedDate":"2021-06-26"},{"lineNumber":85,"author":{"gitId":"kimberlyohq"},"content":"    }","lastModifiedDate":"2021-06-26"},{"lineNumber":86,"author":{"gitId":"kimberlyohq"},"content":"","lastModifiedDate":"2021-06-26"},{"lineNumber":87,"author":{"gitId":"kimberlyohq"},"content":"    .toggle-page-nav-button \u003e span:nth-child(3) {","lastModifiedDate":"2021-06-26"},{"lineNumber":88,"author":{"gitId":"kimberlyohq"},"content":"        transform: translateY(8px);","lastModifiedDate":"2021-06-26"},{"lineNumber":89,"author":{"gitId":"kimberlyohq"},"content":"    }","lastModifiedDate":"2021-06-26"},{"lineNumber":90,"author":{"gitId":"kimberlyohq"},"content":"","lastModifiedDate":"2021-06-26"},{"lineNumber":91,"author":{"gitId":"kimberlyohq"},"content":"    .nav-menu-close-icon .toggle-page-nav-button \u003e span:nth-child(1) {","lastModifiedDate":"2021-06-26"},{"lineNumber":92,"author":{"gitId":"kimberlyohq"},"content":"        border-radius: 0;","lastModifiedDate":"2021-06-26"},{"lineNumber":93,"author":{"gitId":"kimberlyohq"},"content":"        height: 3px;","lastModifiedDate":"2021-06-26"},{"lineNumber":94,"author":{"gitId":"kimberlyohq"},"content":"        transform: rotate(135deg);","lastModifiedDate":"2021-06-26"},{"lineNumber":95,"author":{"gitId":"kimberlyohq"},"content":"        width: 21px;","lastModifiedDate":"2021-06-26"},{"lineNumber":96,"author":{"gitId":"kimberlyohq"},"content":"    }","lastModifiedDate":"2021-06-26"},{"lineNumber":97,"author":{"gitId":"kimberlyohq"},"content":"","lastModifiedDate":"2021-06-26"},{"lineNumber":98,"author":{"gitId":"kimberlyohq"},"content":"    .nav-menu-close-icon .toggle-page-nav-button \u003e span:nth-child(2) {","lastModifiedDate":"2021-06-26"},{"lineNumber":99,"author":{"gitId":"kimberlyohq"},"content":"        transform: scale(0);","lastModifiedDate":"2021-06-26"},{"lineNumber":100,"author":{"gitId":"-"},"content":"    }","lastModifiedDate":"2021-02-06"},{"lineNumber":101,"author":{"gitId":"-"},"content":"","lastModifiedDate":"2021-02-06"},{"lineNumber":102,"author":{"gitId":"kimberlyohq"},"content":"    .nav-menu-close-icon .toggle-page-nav-button \u003e span:nth-child(3) {","lastModifiedDate":"2021-06-26"},{"lineNumber":103,"author":{"gitId":"kimberlyohq"},"content":"        border-radius: 0;","lastModifiedDate":"2021-06-26"},{"lineNumber":104,"author":{"gitId":"kimberlyohq"},"content":"        height: 3px;","lastModifiedDate":"2021-06-26"},{"lineNumber":105,"author":{"gitId":"kimberlyohq"},"content":"        transform: rotate(-135deg);","lastModifiedDate":"2021-06-26"},{"lineNumber":106,"author":{"gitId":"kimberlyohq"},"content":"        width: 21px;","lastModifiedDate":"2021-06-26"},{"lineNumber":107,"author":{"gitId":"-"},"content":"    }","lastModifiedDate":"2021-02-06"},{"lineNumber":108,"author":{"gitId":"kimberlyohq"},"content":"","lastModifiedDate":"2021-06-26"},{"lineNumber":109,"author":{"gitId":"-"},"content":"\u003c/style\u003e","lastModifiedDate":"2021-02-06"}],"authorContributionMap":{"-":63,"kimberlyohq":46}},{"path":"packages/vue-components/src/Pic.vue","fileType":"vue","lines":[{"lineNumber":1,"author":{"gitId":"-"},"content":"\u003ctemplate\u003e","lastModifiedDate":"2020-06-13"},{"lineNumber":2,"author":{"gitId":"-"},"content":"  \u003cspan :class\u003d\"[\u0027image-wrapper\u0027, addClass]\"\u003e","lastModifiedDate":"2021-04-14"},{"lineNumber":3,"author":{"gitId":"-"},"content":"    \u003cimg","lastModifiedDate":"2020-08-01"},{"lineNumber":4,"author":{"gitId":"-"},"content":"      ref\u003d\"pic\"","lastModifiedDate":"2020-08-01"},{"lineNumber":5,"author":{"gitId":"-"},"content":"      :src\u003d\"src\"","lastModifiedDate":"2020-08-01"},{"lineNumber":6,"author":{"gitId":"-"},"content":"      :alt\u003d\"alt\"","lastModifiedDate":"2020-08-01"},{"lineNumber":7,"author":{"gitId":"-"},"content":"      :width\u003d\"computedWidth\"","lastModifiedDate":"2020-08-01"},{"lineNumber":8,"author":{"gitId":"-"},"content":"      class\u003d\"img-fluid rounded\"","lastModifiedDate":"2020-08-01"},{"lineNumber":9,"author":{"gitId":"kimberlyohq"},"content":"      :loading\u003d\"computedLoadType\"","lastModifiedDate":"2021-07-17"},{"lineNumber":10,"author":{"gitId":"-"},"content":"      @load.once\u003d\"computeWidth\"","lastModifiedDate":"2020-08-01"},{"lineNumber":11,"author":{"gitId":"-"},"content":"    /\u003e","lastModifiedDate":"2020-08-01"},{"lineNumber":12,"author":{"gitId":"-"},"content":"    \u003cspan class\u003d\"image-caption\"\u003e","lastModifiedDate":"2021-04-14"},{"lineNumber":13,"author":{"gitId":"-"},"content":"      \u003cslot\u003e\u003c/slot\u003e","lastModifiedDate":"2020-06-13"},{"lineNumber":14,"author":{"gitId":"-"},"content":"    \u003c/span\u003e","lastModifiedDate":"2021-04-14"},{"lineNumber":15,"author":{"gitId":"-"},"content":"  \u003c/span\u003e","lastModifiedDate":"2021-04-14"},{"lineNumber":16,"author":{"gitId":"-"},"content":"\u003c/template\u003e","lastModifiedDate":"2020-06-13"},{"lineNumber":17,"author":{"gitId":"-"},"content":"","lastModifiedDate":"2020-06-13"},{"lineNumber":18,"author":{"gitId":"-"},"content":"\u003cscript\u003e","lastModifiedDate":"2020-06-13"},{"lineNumber":19,"author":{"gitId":"-"},"content":"import { toNumber } from \u0027./utils/utils\u0027;","lastModifiedDate":"2020-08-01"},{"lineNumber":20,"author":{"gitId":"-"},"content":"","lastModifiedDate":"2020-06-13"},{"lineNumber":21,"author":{"gitId":"-"},"content":"export default {","lastModifiedDate":"2020-06-13"},{"lineNumber":22,"author":{"gitId":"-"},"content":"  props: {","lastModifiedDate":"2020-06-13"},{"lineNumber":23,"author":{"gitId":"-"},"content":"    src: {","lastModifiedDate":"2020-06-13"},{"lineNumber":24,"author":{"gitId":"-"},"content":"      type: String,","lastModifiedDate":"2020-08-01"},{"lineNumber":25,"author":{"gitId":"-"},"content":"      default: null,","lastModifiedDate":"2020-08-01"},{"lineNumber":26,"author":{"gitId":"-"},"content":"    },","lastModifiedDate":"2020-06-13"},{"lineNumber":27,"author":{"gitId":"-"},"content":"    alt: {","lastModifiedDate":"2020-06-13"},{"lineNumber":28,"author":{"gitId":"-"},"content":"      type: String,","lastModifiedDate":"2020-08-01"},{"lineNumber":29,"author":{"gitId":"-"},"content":"      default: null,","lastModifiedDate":"2020-08-01"},{"lineNumber":30,"author":{"gitId":"-"},"content":"    },","lastModifiedDate":"2020-06-13"},{"lineNumber":31,"author":{"gitId":"-"},"content":"    height: {","lastModifiedDate":"2020-06-13"},{"lineNumber":32,"author":{"gitId":"-"},"content":"      type: String,","lastModifiedDate":"2020-06-13"},{"lineNumber":33,"author":{"gitId":"-"},"content":"      default: \u0027\u0027,","lastModifiedDate":"2020-08-01"},{"lineNumber":34,"author":{"gitId":"-"},"content":"    },","lastModifiedDate":"2020-06-13"},{"lineNumber":35,"author":{"gitId":"-"},"content":"    width: {","lastModifiedDate":"2020-06-13"},{"lineNumber":36,"author":{"gitId":"-"},"content":"      type: String,","lastModifiedDate":"2020-06-13"},{"lineNumber":37,"author":{"gitId":"-"},"content":"      default: \u0027\u0027,","lastModifiedDate":"2020-08-01"},{"lineNumber":38,"author":{"gitId":"-"},"content":"    },","lastModifiedDate":"2020-06-13"},{"lineNumber":39,"author":{"gitId":"kimberlyohq"},"content":"    eager: {","lastModifiedDate":"2021-07-17"},{"lineNumber":40,"author":{"gitId":"kimberlyohq"},"content":"      type: Boolean,","lastModifiedDate":"2021-07-17"},{"lineNumber":41,"author":{"gitId":"kimberlyohq"},"content":"      default: false,","lastModifiedDate":"2021-07-17"},{"lineNumber":42,"author":{"gitId":"kimberlyohq"},"content":"    },","lastModifiedDate":"2021-07-17"},{"lineNumber":43,"author":{"gitId":"-"},"content":"    addClass: {","lastModifiedDate":"2020-06-13"},{"lineNumber":44,"author":{"gitId":"-"},"content":"      type: String,","lastModifiedDate":"2020-06-13"},{"lineNumber":45,"author":{"gitId":"-"},"content":"      default: \u0027\u0027,","lastModifiedDate":"2020-08-01"},{"lineNumber":46,"author":{"gitId":"-"},"content":"    },","lastModifiedDate":"2020-08-01"},{"lineNumber":47,"author":{"gitId":"-"},"content":"  },","lastModifiedDate":"2020-06-13"},{"lineNumber":48,"author":{"gitId":"-"},"content":"  computed: {","lastModifiedDate":"2020-06-13"},{"lineNumber":49,"author":{"gitId":"-"},"content":"    hasWidth() {","lastModifiedDate":"2020-06-13"},{"lineNumber":50,"author":{"gitId":"-"},"content":"      return this.width !\u003d\u003d \u0027\u0027;","lastModifiedDate":"2020-06-13"},{"lineNumber":51,"author":{"gitId":"-"},"content":"    },","lastModifiedDate":"2020-06-13"},{"lineNumber":52,"author":{"gitId":"-"},"content":"    hasHeight() {","lastModifiedDate":"2020-06-13"},{"lineNumber":53,"author":{"gitId":"-"},"content":"      return this.height !\u003d\u003d \u0027\u0027;","lastModifiedDate":"2020-06-13"},{"lineNumber":54,"author":{"gitId":"-"},"content":"    },","lastModifiedDate":"2020-06-13"},{"lineNumber":55,"author":{"gitId":"-"},"content":"    computedWidth() {","lastModifiedDate":"2020-06-13"},{"lineNumber":56,"author":{"gitId":"-"},"content":"      if (this.hasWidth) {","lastModifiedDate":"2020-06-13"},{"lineNumber":57,"author":{"gitId":"-"},"content":"        return this.width;","lastModifiedDate":"2020-06-13"},{"lineNumber":58,"author":{"gitId":"-"},"content":"      }","lastModifiedDate":"2020-06-13"},{"lineNumber":59,"author":{"gitId":"-"},"content":"      return this.widthFromHeight;","lastModifiedDate":"2020-06-13"},{"lineNumber":60,"author":{"gitId":"-"},"content":"    },","lastModifiedDate":"2020-08-01"},{"lineNumber":61,"author":{"gitId":"kimberlyohq"},"content":"    computedLoadType() {","lastModifiedDate":"2021-07-17"},{"lineNumber":62,"author":{"gitId":"kimberlyohq"},"content":"      return this.eager ? \u0027eager\u0027 : \u0027lazy\u0027;","lastModifiedDate":"2021-07-17"},{"lineNumber":63,"author":{"gitId":"kimberlyohq"},"content":"    },","lastModifiedDate":"2021-07-17"},{"lineNumber":64,"author":{"gitId":"-"},"content":"  },","lastModifiedDate":"2020-06-13"},{"lineNumber":65,"author":{"gitId":"-"},"content":"  data() {","lastModifiedDate":"2020-06-13"},{"lineNumber":66,"author":{"gitId":"-"},"content":"    return {","lastModifiedDate":"2020-06-13"},{"lineNumber":67,"author":{"gitId":"-"},"content":"      widthFromHeight: \u0027\u0027,","lastModifiedDate":"2020-06-13"},{"lineNumber":68,"author":{"gitId":"-"},"content":"    };","lastModifiedDate":"2020-08-01"},{"lineNumber":69,"author":{"gitId":"-"},"content":"  },","lastModifiedDate":"2020-06-13"},{"lineNumber":70,"author":{"gitId":"-"},"content":"  methods: {","lastModifiedDate":"2020-06-13"},{"lineNumber":71,"author":{"gitId":"-"},"content":"    computeWidth() {","lastModifiedDate":"2020-06-13"},{"lineNumber":72,"author":{"gitId":"-"},"content":"      if (!this.hasWidth \u0026\u0026 this.hasHeight) {","lastModifiedDate":"2020-06-13"},{"lineNumber":73,"author":{"gitId":"-"},"content":"        const renderedImg \u003d this.$refs.pic;","lastModifiedDate":"2020-06-13"},{"lineNumber":74,"author":{"gitId":"-"},"content":"        const imgHeight \u003d renderedImg.naturalHeight;","lastModifiedDate":"2020-06-13"},{"lineNumber":75,"author":{"gitId":"-"},"content":"        const imgWidth \u003d renderedImg.naturalWidth;","lastModifiedDate":"2020-06-13"},{"lineNumber":76,"author":{"gitId":"-"},"content":"        const aspectRatio \u003d imgWidth / imgHeight;","lastModifiedDate":"2020-06-13"},{"lineNumber":77,"author":{"gitId":"-"},"content":"        this.widthFromHeight \u003d Math.round(toNumber(this.height) * aspectRatio).toString();","lastModifiedDate":"2020-06-13"},{"lineNumber":78,"author":{"gitId":"-"},"content":"      }","lastModifiedDate":"2020-06-13"},{"lineNumber":79,"author":{"gitId":"-"},"content":"    },","lastModifiedDate":"2020-08-01"},{"lineNumber":80,"author":{"gitId":"-"},"content":"  },","lastModifiedDate":"2020-08-01"},{"lineNumber":81,"author":{"gitId":"-"},"content":"};","lastModifiedDate":"2020-08-01"},{"lineNumber":82,"author":{"gitId":"-"},"content":"\u003c/script\u003e","lastModifiedDate":"2020-06-13"},{"lineNumber":83,"author":{"gitId":"-"},"content":"","lastModifiedDate":"2020-06-13"},{"lineNumber":84,"author":{"gitId":"-"},"content":"\u003cstyle\u003e","lastModifiedDate":"2020-06-13"},{"lineNumber":85,"author":{"gitId":"-"},"content":"    .image-wrapper {","lastModifiedDate":"2020-06-13"},{"lineNumber":86,"author":{"gitId":"-"},"content":"        display: inline-block;","lastModifiedDate":"2020-06-13"},{"lineNumber":87,"author":{"gitId":"-"},"content":"        text-align: center;","lastModifiedDate":"2020-06-13"},{"lineNumber":88,"author":{"gitId":"-"},"content":"        padding: 4px;","lastModifiedDate":"2020-06-13"},{"lineNumber":89,"author":{"gitId":"-"},"content":"    }","lastModifiedDate":"2020-06-13"},{"lineNumber":90,"author":{"gitId":"-"},"content":"","lastModifiedDate":"2021-04-14"},{"lineNumber":91,"author":{"gitId":"-"},"content":"    .image-caption {","lastModifiedDate":"2021-04-14"},{"lineNumber":92,"author":{"gitId":"-"},"content":"        display: block;","lastModifiedDate":"2021-04-14"},{"lineNumber":93,"author":{"gitId":"-"},"content":"    }","lastModifiedDate":"2021-04-14"},{"lineNumber":94,"author":{"gitId":"-"},"content":"\u003c/style\u003e","lastModifiedDate":"2020-06-13"}],"authorContributionMap":{"-":86,"kimberlyohq":8}},{"path":"packages/vue-components/src/SiteNavButton.vue","fileType":"vue","lines":[{"lineNumber":1,"author":{"gitId":"-"},"content":"\u003ctemplate\u003e","lastModifiedDate":"2021-02-06"},{"lineNumber":2,"author":{"gitId":"-"},"content":"  \u003coverlay","lastModifiedDate":"2021-02-06"},{"lineNumber":3,"author":{"gitId":"-"},"content":"    v-if\u003d\"showSiteNav\"","lastModifiedDate":"2021-02-06"},{"lineNumber":4,"author":{"gitId":"-"},"content":"    type\u003d\"siteNav\"","lastModifiedDate":"2021-02-06"},{"lineNumber":5,"author":{"gitId":"-"},"content":"    :portal-name\u003d\"portalName\"","lastModifiedDate":"2021-05-01"},{"lineNumber":6,"author":{"gitId":"-"},"content":"  \u003e","lastModifiedDate":"2021-02-06"},{"lineNumber":7,"author":{"gitId":"-"},"content":"    \u003ctemplate #navMenuIcon\u003e","lastModifiedDate":"2021-02-24"},{"lineNumber":8,"author":{"gitId":"kimberlyohq"},"content":"      \u003cdiv","lastModifiedDate":"2021-06-26"},{"lineNumber":9,"author":{"gitId":"kimberlyohq"},"content":"        :class\u003d\"[\u0027toggle-site-nav-button\u0027]\"","lastModifiedDate":"2021-06-26"},{"lineNumber":10,"author":{"gitId":"kimberlyohq"},"content":"      \u003e","lastModifiedDate":"2021-06-26"},{"lineNumber":11,"author":{"gitId":"kimberlyohq"},"content":"        \u003cspan\u003e\u003c/span\u003e","lastModifiedDate":"2021-06-26"},{"lineNumber":12,"author":{"gitId":"kimberlyohq"},"content":"        \u003cspan\u003e\u003c/span\u003e","lastModifiedDate":"2021-06-26"},{"lineNumber":13,"author":{"gitId":"kimberlyohq"},"content":"        \u003cspan\u003e\u003c/span\u003e","lastModifiedDate":"2021-06-26"},{"lineNumber":14,"author":{"gitId":"kimberlyohq"},"content":"      \u003c/div\u003e","lastModifiedDate":"2021-06-26"},{"lineNumber":15,"author":{"gitId":"-"},"content":"    \u003c/template\u003e","lastModifiedDate":"2021-02-24"},{"lineNumber":16,"author":{"gitId":"-"},"content":"  \u003c/overlay\u003e","lastModifiedDate":"2021-02-06"},{"lineNumber":17,"author":{"gitId":"-"},"content":"\u003c/template\u003e","lastModifiedDate":"2021-02-06"},{"lineNumber":18,"author":{"gitId":"-"},"content":"","lastModifiedDate":"2021-02-06"},{"lineNumber":19,"author":{"gitId":"-"},"content":"\u003cscript\u003e","lastModifiedDate":"2021-02-06"},{"lineNumber":20,"author":{"gitId":"-"},"content":"import $ from \u0027./utils/NodeList\u0027;","lastModifiedDate":"2021-02-06"},{"lineNumber":21,"author":{"gitId":"-"},"content":"","lastModifiedDate":"2021-02-06"},{"lineNumber":22,"author":{"gitId":"-"},"content":"export default {","lastModifiedDate":"2021-02-06"},{"lineNumber":23,"author":{"gitId":"-"},"content":"  data() {","lastModifiedDate":"2021-02-06"},{"lineNumber":24,"author":{"gitId":"-"},"content":"    return {","lastModifiedDate":"2021-02-06"},{"lineNumber":25,"author":{"gitId":"-"},"content":"      portalName: undefined,","lastModifiedDate":"2021-05-01"},{"lineNumber":26,"author":{"gitId":"-"},"content":"      show: false,","lastModifiedDate":"2021-02-06"},{"lineNumber":27,"author":{"gitId":"-"},"content":"    };","lastModifiedDate":"2021-02-06"},{"lineNumber":28,"author":{"gitId":"-"},"content":"  },","lastModifiedDate":"2021-02-06"},{"lineNumber":29,"author":{"gitId":"-"},"content":"  computed: {","lastModifiedDate":"2021-02-06"},{"lineNumber":30,"author":{"gitId":"-"},"content":"    showSiteNav() {","lastModifiedDate":"2021-02-06"},{"lineNumber":31,"author":{"gitId":"-"},"content":"      return this.show \u0026\u0026 this.portalName;","lastModifiedDate":"2021-05-01"},{"lineNumber":32,"author":{"gitId":"-"},"content":"    },","lastModifiedDate":"2021-02-06"},{"lineNumber":33,"author":{"gitId":"-"},"content":"  },","lastModifiedDate":"2021-02-06"},{"lineNumber":34,"author":{"gitId":"-"},"content":"  methods: {","lastModifiedDate":"2021-02-06"},{"lineNumber":35,"author":{"gitId":"-"},"content":"    toggleSiteNavButton() {","lastModifiedDate":"2021-02-06"},{"lineNumber":36,"author":{"gitId":"-"},"content":"      if (window.innerWidth \u003c 992) {","lastModifiedDate":"2021-02-06"},{"lineNumber":37,"author":{"gitId":"-"},"content":"        this.show \u003d true;","lastModifiedDate":"2021-02-06"},{"lineNumber":38,"author":{"gitId":"-"},"content":"      } else {","lastModifiedDate":"2021-02-06"},{"lineNumber":39,"author":{"gitId":"-"},"content":"        this.show \u003d false;","lastModifiedDate":"2021-02-06"},{"lineNumber":40,"author":{"gitId":"-"},"content":"      }","lastModifiedDate":"2021-02-06"},{"lineNumber":41,"author":{"gitId":"-"},"content":"    },","lastModifiedDate":"2021-02-06"},{"lineNumber":42,"author":{"gitId":"-"},"content":"  },","lastModifiedDate":"2021-02-06"},{"lineNumber":43,"author":{"gitId":"-"},"content":"  mounted() {","lastModifiedDate":"2021-02-06"},{"lineNumber":44,"author":{"gitId":"-"},"content":"    if (document.querySelector(\u0027#site-nav a\u0027) !\u003d\u003d null) {","lastModifiedDate":"2021-05-05"},{"lineNumber":45,"author":{"gitId":"-"},"content":"      this.portalName \u003d \u0027site-nav\u0027;","lastModifiedDate":"2021-05-01"},{"lineNumber":46,"author":{"gitId":"-"},"content":"    } else if (document.querySelector(\u0027.site-nav-root a\u0027) !\u003d\u003d null) {","lastModifiedDate":"2021-05-05"},{"lineNumber":47,"author":{"gitId":"-"},"content":"      this.portalName \u003d \u0027mb-site-nav\u0027;","lastModifiedDate":"2021-05-01"},{"lineNumber":48,"author":{"gitId":"-"},"content":"    }","lastModifiedDate":"2021-05-01"},{"lineNumber":49,"author":{"gitId":"-"},"content":"","lastModifiedDate":"2021-05-01"},{"lineNumber":50,"author":{"gitId":"-"},"content":"    this.toggleSiteNavButton();","lastModifiedDate":"2021-02-06"},{"lineNumber":51,"author":{"gitId":"-"},"content":"    $(window).on(\u0027resize\u0027, this.toggleSiteNavButton);","lastModifiedDate":"2021-02-06"},{"lineNumber":52,"author":{"gitId":"-"},"content":"  },","lastModifiedDate":"2021-02-06"},{"lineNumber":53,"author":{"gitId":"-"},"content":"  beforeDestroy() {","lastModifiedDate":"2021-02-06"},{"lineNumber":54,"author":{"gitId":"-"},"content":"    $(window).off(\u0027resize\u0027, this.toggleSiteNavButton);","lastModifiedDate":"2021-02-06"},{"lineNumber":55,"author":{"gitId":"-"},"content":"  },","lastModifiedDate":"2021-02-06"},{"lineNumber":56,"author":{"gitId":"-"},"content":"};","lastModifiedDate":"2021-02-06"},{"lineNumber":57,"author":{"gitId":"-"},"content":"\u003c/script\u003e","lastModifiedDate":"2021-02-06"},{"lineNumber":58,"author":{"gitId":"-"},"content":"","lastModifiedDate":"2021-02-06"},{"lineNumber":59,"author":{"gitId":"-"},"content":"\u003cstyle scoped\u003e","lastModifiedDate":"2021-02-06"},{"lineNumber":60,"author":{"gitId":"kimberlyohq"},"content":"","lastModifiedDate":"2021-06-26"},{"lineNumber":61,"author":{"gitId":"-"},"content":"    .toggle-site-nav-button {","lastModifiedDate":"2021-02-06"},{"lineNumber":62,"author":{"gitId":"-"},"content":"        cursor: pointer;","lastModifiedDate":"2021-02-06"},{"lineNumber":63,"author":{"gitId":"kimberlyohq"},"content":"        height: 53px;","lastModifiedDate":"2021-06-26"},{"lineNumber":64,"author":{"gitId":"-"},"content":"        left: 0;","lastModifiedDate":"2021-02-06"},{"lineNumber":65,"author":{"gitId":"-"},"content":"        padding: 15px;","lastModifiedDate":"2021-02-06"},{"lineNumber":66,"author":{"gitId":"-"},"content":"        position: absolute;","lastModifiedDate":"2021-02-06"},{"lineNumber":67,"author":{"gitId":"kimberlyohq"},"content":"        transform: rotate(0deg);","lastModifiedDate":"2021-06-26"},{"lineNumber":68,"author":{"gitId":"kimberlyohq"},"content":"        transition: all 0.25s ease-in-out;","lastModifiedDate":"2021-06-26"},{"lineNumber":69,"author":{"gitId":"kimberlyohq"},"content":"        width: 52px;","lastModifiedDate":"2021-06-26"},{"lineNumber":70,"author":{"gitId":"kimberlyohq"},"content":"    }","lastModifiedDate":"2021-06-26"},{"lineNumber":71,"author":{"gitId":"kimberlyohq"},"content":"","lastModifiedDate":"2021-06-26"},{"lineNumber":72,"author":{"gitId":"kimberlyohq"},"content":"    .toggle-site-nav-button span {","lastModifiedDate":"2021-06-26"},{"lineNumber":73,"author":{"gitId":"kimberlyohq"},"content":"        background-color: #000;","lastModifiedDate":"2021-06-26"},{"lineNumber":74,"author":{"gitId":"kimberlyohq"},"content":"        display: block;","lastModifiedDate":"2021-06-26"},{"lineNumber":75,"author":{"gitId":"kimberlyohq"},"content":"        height: 3px;","lastModifiedDate":"2021-06-26"},{"lineNumber":76,"author":{"gitId":"kimberlyohq"},"content":"        left: 15px;","lastModifiedDate":"2021-06-26"},{"lineNumber":77,"author":{"gitId":"kimberlyohq"},"content":"        position: absolute;","lastModifiedDate":"2021-06-26"},{"lineNumber":78,"author":{"gitId":"kimberlyohq"},"content":"        top: 50%;","lastModifiedDate":"2021-06-26"},{"lineNumber":79,"author":{"gitId":"kimberlyohq"},"content":"        transition: all 0.25s ease-in-out;","lastModifiedDate":"2021-06-26"},{"lineNumber":80,"author":{"gitId":"kimberlyohq"},"content":"        width: 21px;","lastModifiedDate":"2021-06-26"},{"lineNumber":81,"author":{"gitId":"kimberlyohq"},"content":"    }","lastModifiedDate":"2021-06-26"},{"lineNumber":82,"author":{"gitId":"kimberlyohq"},"content":"","lastModifiedDate":"2021-06-26"},{"lineNumber":83,"author":{"gitId":"kimberlyohq"},"content":"    .toggle-site-nav-button \u003e span:nth-child(1) {","lastModifiedDate":"2021-06-26"},{"lineNumber":84,"author":{"gitId":"kimberlyohq"},"content":"        transform: translateY(-8px);","lastModifiedDate":"2021-06-26"},{"lineNumber":85,"author":{"gitId":"-"},"content":"    }","lastModifiedDate":"2021-06-26"},{"lineNumber":86,"author":{"gitId":"-"},"content":"","lastModifiedDate":"2021-06-26"},{"lineNumber":87,"author":{"gitId":"kimberlyohq"},"content":"    .toggle-site-nav-button \u003e span:nth-child(2) {","lastModifiedDate":"2021-06-26"},{"lineNumber":88,"author":{"gitId":"kimberlyohq"},"content":"        transform-origin: 100% 50%;","lastModifiedDate":"2021-06-26"},{"lineNumber":89,"author":{"gitId":"-"},"content":"    }","lastModifiedDate":"2021-06-26"},{"lineNumber":90,"author":{"gitId":"kimberlyohq"},"content":"","lastModifiedDate":"2021-06-26"},{"lineNumber":91,"author":{"gitId":"kimberlyohq"},"content":"    .toggle-site-nav-button \u003e span:nth-child(3) {","lastModifiedDate":"2021-06-26"},{"lineNumber":92,"author":{"gitId":"kimberlyohq"},"content":"        transform: translateY(8px);","lastModifiedDate":"2021-06-26"},{"lineNumber":93,"author":{"gitId":"kimberlyohq"},"content":"    }","lastModifiedDate":"2021-06-26"},{"lineNumber":94,"author":{"gitId":"kimberlyohq"},"content":"","lastModifiedDate":"2021-06-26"},{"lineNumber":95,"author":{"gitId":"kimberlyohq"},"content":"    .nav-menu-close-icon .toggle-site-nav-button \u003e span:nth-child(1) {","lastModifiedDate":"2021-06-26"},{"lineNumber":96,"author":{"gitId":"kimberlyohq"},"content":"        transform: rotate(135deg);","lastModifiedDate":"2021-06-26"},{"lineNumber":97,"author":{"gitId":"kimberlyohq"},"content":"    }","lastModifiedDate":"2021-06-26"},{"lineNumber":98,"author":{"gitId":"kimberlyohq"},"content":"","lastModifiedDate":"2021-06-26"},{"lineNumber":99,"author":{"gitId":"kimberlyohq"},"content":"    .nav-menu-close-icon .toggle-site-nav-button \u003e span:nth-child(2) {","lastModifiedDate":"2021-06-26"},{"lineNumber":100,"author":{"gitId":"kimberlyohq"},"content":"        left: -60px;","lastModifiedDate":"2021-06-26"},{"lineNumber":101,"author":{"gitId":"kimberlyohq"},"content":"        opacity: 0;","lastModifiedDate":"2021-06-26"},{"lineNumber":102,"author":{"gitId":"-"},"content":"    }","lastModifiedDate":"2021-02-06"},{"lineNumber":103,"author":{"gitId":"-"},"content":"","lastModifiedDate":"2021-02-06"},{"lineNumber":104,"author":{"gitId":"kimberlyohq"},"content":"    .nav-menu-close-icon .toggle-site-nav-button \u003e span:nth-child(3) {","lastModifiedDate":"2021-06-26"},{"lineNumber":105,"author":{"gitId":"kimberlyohq"},"content":"        transform: rotate(-135deg);","lastModifiedDate":"2021-06-26"},{"lineNumber":106,"author":{"gitId":"-"},"content":"    }","lastModifiedDate":"2021-02-06"},{"lineNumber":107,"author":{"gitId":"kimberlyohq"},"content":"","lastModifiedDate":"2021-06-26"},{"lineNumber":108,"author":{"gitId":"-"},"content":"\u003c/style\u003e","lastModifiedDate":"2021-02-06"}],"authorContributionMap":{"-":64,"kimberlyohq":44}}]
