[{"path":"docs/userGuide/syntax/diagrams.mbdf","fileType":"mbdf","lines":[{"lineNumber":1,"author":{"gitId":"-"},"content":"## Diagrams","lastModifiedDate":"2020-06-09"},{"lineNumber":2,"author":{"gitId":"-"},"content":"","lastModifiedDate":"2020-06-09"},{"lineNumber":3,"author":{"gitId":"-"},"content":"You can use the [PlantUML](http://plantuml.com/) syntax to add diagrams.","lastModifiedDate":"2021-06-27"},{"lineNumber":4,"author":{"gitId":"-"},"content":"","lastModifiedDate":"2020-06-09"},{"lineNumber":5,"author":{"gitId":"-"},"content":"\u003cbox type\u003d\"warning\"\u003e","lastModifiedDate":"2020-06-09"},{"lineNumber":6,"author":{"gitId":"-"},"content":"","lastModifiedDate":"2020-06-09"},{"lineNumber":7,"author":{"gitId":"-"},"content":"**[Java](https://www.java.com/en/download/) and","lastModifiedDate":"2020-06-09"},{"lineNumber":8,"author":{"gitId":"-"},"content":"[Graphviz](https://www.graphviz.org/download/)","lastModifiedDate":"2020-06-09"},{"lineNumber":9,"author":{"gitId":"-"},"content":"must be installed to use this feature**","lastModifiedDate":"2020-06-09"},{"lineNumber":10,"author":{"gitId":"-"},"content":"","lastModifiedDate":"2020-06-09"},{"lineNumber":11,"author":{"gitId":"-"},"content":"* Java 8 or later (required to run the PlantUML JAR executable)","lastModifiedDate":"2020-06-09"},{"lineNumber":12,"author":{"gitId":"-"},"content":"* Graphviz v2.38 or later (required to generate _all_ diagrams)","lastModifiedDate":"2020-06-09"},{"lineNumber":13,"author":{"gitId":"-"},"content":"","lastModifiedDate":"2020-06-09"},{"lineNumber":14,"author":{"gitId":"-"},"content":"\u003c/box\u003e","lastModifiedDate":"2020-06-09"},{"lineNumber":15,"author":{"gitId":"-"},"content":"","lastModifiedDate":"2020-06-09"},{"lineNumber":16,"author":{"gitId":"-"},"content":"\u003cdiv id\u003d\"main-example\"\u003e","lastModifiedDate":"2020-12-12"},{"lineNumber":17,"author":{"gitId":"-"},"content":"\u003cinclude src\u003d\"outputBox.md\" boilerplate\u003e","lastModifiedDate":"2020-06-09"},{"lineNumber":18,"author":{"gitId":"-"},"content":"\u003cspan id\u003d\"code\"\u003e","lastModifiedDate":"2020-06-09"},{"lineNumber":19,"author":{"gitId":"-"},"content":"","lastModifiedDate":"2020-12-30"},{"lineNumber":20,"author":{"gitId":"-"},"content":"```","lastModifiedDate":"2020-06-09"},{"lineNumber":21,"author":{"gitId":"kimberlyohq"},"content":"\u003cpuml width\u003d\"300\"\u003e","lastModifiedDate":"2021-07-03"},{"lineNumber":22,"author":{"gitId":"-"},"content":"@startuml","lastModifiedDate":"2020-06-09"},{"lineNumber":23,"author":{"gitId":"-"},"content":"alice -\u003e bob ++ : hello","lastModifiedDate":"2020-06-09"},{"lineNumber":24,"author":{"gitId":"-"},"content":"bob -\u003e bob ++ : self call","lastModifiedDate":"2020-06-09"},{"lineNumber":25,"author":{"gitId":"-"},"content":"bob -\u003e bib ++  #005500 : hello","lastModifiedDate":"2020-06-09"},{"lineNumber":26,"author":{"gitId":"-"},"content":"bob -\u003e george ** : create","lastModifiedDate":"2020-06-09"},{"lineNumber":27,"author":{"gitId":"-"},"content":"return done","lastModifiedDate":"2020-06-09"},{"lineNumber":28,"author":{"gitId":"-"},"content":"return rc","lastModifiedDate":"2020-06-09"},{"lineNumber":29,"author":{"gitId":"-"},"content":"bob -\u003e george !! : delete","lastModifiedDate":"2020-06-09"},{"lineNumber":30,"author":{"gitId":"-"},"content":"return success","lastModifiedDate":"2020-06-09"},{"lineNumber":31,"author":{"gitId":"-"},"content":"@enduml","lastModifiedDate":"2020-06-09"},{"lineNumber":32,"author":{"gitId":"-"},"content":"\u003c/puml\u003e","lastModifiedDate":"2020-06-09"},{"lineNumber":33,"author":{"gitId":"-"},"content":"```","lastModifiedDate":"2020-06-09"},{"lineNumber":34,"author":{"gitId":"-"},"content":"\u003c/span\u003e","lastModifiedDate":"2020-06-09"},{"lineNumber":35,"author":{"gitId":"-"},"content":"","lastModifiedDate":"2020-06-09"},{"lineNumber":36,"author":{"gitId":"-"},"content":"\u003cspan id\u003d\"output\"\u003e","lastModifiedDate":"2020-06-09"},{"lineNumber":37,"author":{"gitId":"-"},"content":"\u003cpic src\u003d\"../diagrams/sequence.png\" width\u003d\"300\" /\u003e","lastModifiedDate":"2020-06-09"},{"lineNumber":38,"author":{"gitId":"-"},"content":"\u003c/div\u003e","lastModifiedDate":"2020-12-12"},{"lineNumber":39,"author":{"gitId":"-"},"content":"","lastModifiedDate":"2020-06-09"},{"lineNumber":40,"author":{"gitId":"-"},"content":"\u003c/include\u003e","lastModifiedDate":"2020-06-09"},{"lineNumber":41,"author":{"gitId":"-"},"content":"\u003c/span\u003e","lastModifiedDate":"2020-06-09"},{"lineNumber":42,"author":{"gitId":"-"},"content":"","lastModifiedDate":"2020-06-09"},{"lineNumber":43,"author":{"gitId":"-"},"content":"Alternatively, a PlantUML diagram can be specified in a separate `.puml` file and inserted into a page using a `\u003cpuml\u003e` tag.","lastModifiedDate":"2020-06-09"},{"lineNumber":44,"author":{"gitId":"-"},"content":"","lastModifiedDate":"2020-06-09"},{"lineNumber":45,"author":{"gitId":"-"},"content":"\u003cinclude src\u003d\"outputBox.md\" boilerplate\u003e","lastModifiedDate":"2020-06-09"},{"lineNumber":46,"author":{"gitId":"-"},"content":"\u003cspan id\u003d\"code\"\u003e","lastModifiedDate":"2020-06-09"},{"lineNumber":47,"author":{"gitId":"-"},"content":"","lastModifiedDate":"2020-06-09"},{"lineNumber":48,"author":{"gitId":"-"},"content":"`diagrams/sequence.puml`:","lastModifiedDate":"2020-06-09"},{"lineNumber":49,"author":{"gitId":"-"},"content":"```","lastModifiedDate":"2020-06-09"},{"lineNumber":50,"author":{"gitId":"-"},"content":"@startuml","lastModifiedDate":"2020-06-09"},{"lineNumber":51,"author":{"gitId":"-"},"content":"alice -\u003e bob ++ : hello","lastModifiedDate":"2020-06-09"},{"lineNumber":52,"author":{"gitId":"-"},"content":"bob -\u003e bob ++ : self call","lastModifiedDate":"2020-06-09"},{"lineNumber":53,"author":{"gitId":"-"},"content":"bob -\u003e bib ++  #005500 : hello","lastModifiedDate":"2020-06-09"},{"lineNumber":54,"author":{"gitId":"-"},"content":"bob -\u003e george ** : create","lastModifiedDate":"2020-06-09"},{"lineNumber":55,"author":{"gitId":"-"},"content":"return done","lastModifiedDate":"2020-06-09"},{"lineNumber":56,"author":{"gitId":"-"},"content":"return rc","lastModifiedDate":"2020-06-09"},{"lineNumber":57,"author":{"gitId":"-"},"content":"bob -\u003e george !! : delete","lastModifiedDate":"2020-06-09"},{"lineNumber":58,"author":{"gitId":"-"},"content":"return success","lastModifiedDate":"2020-06-09"},{"lineNumber":59,"author":{"gitId":"-"},"content":"@enduml","lastModifiedDate":"2020-06-09"},{"lineNumber":60,"author":{"gitId":"-"},"content":"```","lastModifiedDate":"2020-06-09"},{"lineNumber":61,"author":{"gitId":"-"},"content":"","lastModifiedDate":"2020-06-09"},{"lineNumber":62,"author":{"gitId":"-"},"content":"in another file:","lastModifiedDate":"2020-06-09"},{"lineNumber":63,"author":{"gitId":"-"},"content":"```html","lastModifiedDate":"2020-06-09"},{"lineNumber":64,"author":{"gitId":"-"},"content":"\u003cpuml src\u003d\"diagrams/sequence.puml\" width\u003d300 /\u003e","lastModifiedDate":"2020-06-09"},{"lineNumber":65,"author":{"gitId":"-"},"content":"```","lastModifiedDate":"2020-06-09"},{"lineNumber":66,"author":{"gitId":"-"},"content":"\u003c/span\u003e","lastModifiedDate":"2020-06-09"},{"lineNumber":67,"author":{"gitId":"-"},"content":"","lastModifiedDate":"2020-06-09"},{"lineNumber":68,"author":{"gitId":"-"},"content":"\u003cspan id\u003d\"output\"\u003e","lastModifiedDate":"2020-06-09"},{"lineNumber":69,"author":{"gitId":"-"},"content":"\u003cpic src\u003d\"../diagrams/sequence.png\" width\u003d\"300\" /\u003e","lastModifiedDate":"2020-06-09"},{"lineNumber":70,"author":{"gitId":"-"},"content":"\u003c/span\u003e","lastModifiedDate":"2020-06-09"},{"lineNumber":71,"author":{"gitId":"-"},"content":"","lastModifiedDate":"2020-06-09"},{"lineNumber":72,"author":{"gitId":"-"},"content":"\u003c/include\u003e","lastModifiedDate":"2020-06-09"},{"lineNumber":73,"author":{"gitId":"-"},"content":"","lastModifiedDate":"2020-06-09"},{"lineNumber":74,"author":{"gitId":"-"},"content":"\u003cbox type\u003d\"info\"\u003e","lastModifiedDate":"2020-06-09"},{"lineNumber":75,"author":{"gitId":"-"},"content":"","lastModifiedDate":"2020-06-09"},{"lineNumber":76,"author":{"gitId":"-"},"content":"The full PlantUML syntax reference can be found at plantuml.com/guide","lastModifiedDate":"2020-06-09"},{"lineNumber":77,"author":{"gitId":"-"},"content":"\u003c/box\u003e","lastModifiedDate":"2020-06-09"},{"lineNumber":78,"author":{"gitId":"-"},"content":"","lastModifiedDate":"2020-06-09"},{"lineNumber":79,"author":{"gitId":"-"},"content":"\u003cpanel header\u003d\"More examples\"\u003e","lastModifiedDate":"2020-06-09"},{"lineNumber":80,"author":{"gitId":"-"},"content":"","lastModifiedDate":"2020-06-09"},{"lineNumber":81,"author":{"gitId":"-"},"content":"\u003cspan id\u003d\"puml-examples\"\u003e","lastModifiedDate":"2020-06-09"},{"lineNumber":82,"author":{"gitId":"-"},"content":"","lastModifiedDate":"2020-06-09"},{"lineNumber":83,"author":{"gitId":"-"},"content":"**Sequence Diagram**:\u003cbr\u003e","lastModifiedDate":"2020-06-09"},{"lineNumber":84,"author":{"gitId":"-"},"content":"\u003cpic src\u003d\"../diagrams/sequence.png\" /\u003e","lastModifiedDate":"2020-06-09"},{"lineNumber":85,"author":{"gitId":"-"},"content":"","lastModifiedDate":"2020-06-09"},{"lineNumber":86,"author":{"gitId":"-"},"content":"**Use Case Diagram**:\u003cbr\u003e","lastModifiedDate":"2020-06-09"},{"lineNumber":87,"author":{"gitId":"-"},"content":"\u003cpic src\u003d\"../diagrams/usecase.png\" /\u003e","lastModifiedDate":"2020-06-09"},{"lineNumber":88,"author":{"gitId":"-"},"content":"","lastModifiedDate":"2020-06-09"},{"lineNumber":89,"author":{"gitId":"-"},"content":"**Class Diagram**:\u003cbr\u003e","lastModifiedDate":"2020-06-09"},{"lineNumber":90,"author":{"gitId":"-"},"content":"\u003cpic src\u003d\"../diagrams/class.png\" /\u003e","lastModifiedDate":"2020-06-09"},{"lineNumber":91,"author":{"gitId":"-"},"content":"","lastModifiedDate":"2020-06-09"},{"lineNumber":92,"author":{"gitId":"-"},"content":"**Activity Diagram**:\u003cbr\u003e","lastModifiedDate":"2020-06-09"},{"lineNumber":93,"author":{"gitId":"-"},"content":"\u003cpic src\u003d\"../diagrams/activity.png\" /\u003e","lastModifiedDate":"2020-06-09"},{"lineNumber":94,"author":{"gitId":"-"},"content":"","lastModifiedDate":"2020-06-09"},{"lineNumber":95,"author":{"gitId":"-"},"content":"**Component Diagram**:\u003cbr\u003e","lastModifiedDate":"2020-06-09"},{"lineNumber":96,"author":{"gitId":"-"},"content":"\u003cpic src\u003d\"../diagrams/component.png\" /\u003e","lastModifiedDate":"2020-06-09"},{"lineNumber":97,"author":{"gitId":"-"},"content":"","lastModifiedDate":"2020-06-09"},{"lineNumber":98,"author":{"gitId":"-"},"content":"**State Diagram**:\u003cbr\u003e","lastModifiedDate":"2020-06-09"},{"lineNumber":99,"author":{"gitId":"-"},"content":"\u003cpic src\u003d\"../diagrams/state.png\" /\u003e","lastModifiedDate":"2020-06-09"},{"lineNumber":100,"author":{"gitId":"-"},"content":"","lastModifiedDate":"2020-06-09"},{"lineNumber":101,"author":{"gitId":"-"},"content":"**Object Diagram**:\u003cbr\u003e","lastModifiedDate":"2020-06-09"},{"lineNumber":102,"author":{"gitId":"-"},"content":"\u003cpic src\u003d\"../diagrams/object.png\" /\u003e","lastModifiedDate":"2020-06-09"},{"lineNumber":103,"author":{"gitId":"-"},"content":"","lastModifiedDate":"2020-06-09"},{"lineNumber":104,"author":{"gitId":"-"},"content":"**Gantt Diagram**:\u003cbr\u003e","lastModifiedDate":"2020-06-09"},{"lineNumber":105,"author":{"gitId":"-"},"content":"\u003cpic src\u003d\"../diagrams/gantt.png\" /\u003e","lastModifiedDate":"2020-06-09"},{"lineNumber":106,"author":{"gitId":"-"},"content":"","lastModifiedDate":"2020-06-09"},{"lineNumber":107,"author":{"gitId":"-"},"content":"**Entity Relation Diagram**:\u003cbr\u003e","lastModifiedDate":"2020-06-09"},{"lineNumber":108,"author":{"gitId":"-"},"content":"\u003cpic src\u003d\"../diagrams/entityrelation.png\" /\u003e","lastModifiedDate":"2020-06-09"},{"lineNumber":109,"author":{"gitId":"-"},"content":"","lastModifiedDate":"2020-06-09"},{"lineNumber":110,"author":{"gitId":"-"},"content":"**Ditaa Diagram**:\u003cbr\u003e","lastModifiedDate":"2020-06-09"},{"lineNumber":111,"author":{"gitId":"-"},"content":"\u003cpic src\u003d\"../diagrams/ditaa.png\" /\u003e","lastModifiedDate":"2020-06-09"},{"lineNumber":112,"author":{"gitId":"-"},"content":"","lastModifiedDate":"2020-06-09"},{"lineNumber":113,"author":{"gitId":"-"},"content":"**Archimate Diagram**:\u003cbr\u003e","lastModifiedDate":"2020-06-09"},{"lineNumber":114,"author":{"gitId":"-"},"content":"\u003cpic src\u003d\"../diagrams/archimate.png\" /\u003e","lastModifiedDate":"2020-06-09"},{"lineNumber":115,"author":{"gitId":"-"},"content":"","lastModifiedDate":"2020-06-09"},{"lineNumber":116,"author":{"gitId":"-"},"content":"\u003c/span\u003e","lastModifiedDate":"2020-06-09"},{"lineNumber":117,"author":{"gitId":"-"},"content":"\u003c/panel\u003e","lastModifiedDate":"2020-06-09"},{"lineNumber":118,"author":{"gitId":"-"},"content":"\u003cp/\u003e","lastModifiedDate":"2020-06-09"},{"lineNumber":119,"author":{"gitId":"-"},"content":"","lastModifiedDate":"2020-06-09"},{"lineNumber":120,"author":{"gitId":"-"},"content":"****Options****","lastModifiedDate":"2020-06-09"},{"lineNumber":121,"author":{"gitId":"-"},"content":"Name | Type | Description","lastModifiedDate":"2020-06-09"},{"lineNumber":122,"author":{"gitId":"-"},"content":"--- | --- | ---","lastModifiedDate":"2020-06-09"},{"lineNumber":123,"author":{"gitId":"-"},"content":"alt | `string` | The alternative text of the diagram.","lastModifiedDate":"2020-06-09"},{"lineNumber":124,"author":{"gitId":"-"},"content":"height | `string` | The height of the diagram in pixels.","lastModifiedDate":"2020-06-09"},{"lineNumber":125,"author":{"gitId":"-"},"content":"name | `string` | The name of the output file.","lastModifiedDate":"2020-06-09"},{"lineNumber":126,"author":{"gitId":"-"},"content":"src | `string` | The URL of the diagram if your diagram is in another `.puml` file.\u003cbr\u003eThe URL can be specified as absolute or relative references. More info in: _[Intra-Site Links]({{baseUrl}}/userGuide/formattingContents.html#intraSiteLinks)_","lastModifiedDate":"2020-06-09"},{"lineNumber":127,"author":{"gitId":"-"},"content":"width | `string` | The width of the diagram in pixels.\u003cbr\u003eIf both width and height are specified, width takes priority over height. It is to maintain the diagram\u0027s aspect ratio.","lastModifiedDate":"2020-06-09"},{"lineNumber":128,"author":{"gitId":"-"},"content":"","lastModifiedDate":"2020-06-09"},{"lineNumber":129,"author":{"gitId":"-"},"content":"\u003cspan id\u003d\"short\" class\u003d\"d-none\"\u003e","lastModifiedDate":"2020-06-09"},{"lineNumber":130,"author":{"gitId":"-"},"content":"","lastModifiedDate":"2020-06-09"},{"lineNumber":131,"author":{"gitId":"-"},"content":"```","lastModifiedDate":"2020-06-09"},{"lineNumber":132,"author":{"gitId":"-"},"content":"\u003cpuml width\u003d300\u003e","lastModifiedDate":"2020-06-09"},{"lineNumber":133,"author":{"gitId":"-"},"content":"@startuml","lastModifiedDate":"2020-06-09"},{"lineNumber":134,"author":{"gitId":"-"},"content":"alice -\u003e bob ++ : hello","lastModifiedDate":"2020-06-09"},{"lineNumber":135,"author":{"gitId":"-"},"content":"bob -\u003e bob ++ : self call","lastModifiedDate":"2020-06-09"},{"lineNumber":136,"author":{"gitId":"-"},"content":"@enduml","lastModifiedDate":"2020-06-09"},{"lineNumber":137,"author":{"gitId":"-"},"content":"\u003c/puml\u003e","lastModifiedDate":"2020-06-09"},{"lineNumber":138,"author":{"gitId":"-"},"content":"```","lastModifiedDate":"2020-06-09"},{"lineNumber":139,"author":{"gitId":"-"},"content":"","lastModifiedDate":"2020-06-09"},{"lineNumber":140,"author":{"gitId":"-"},"content":"\u003c/span\u003e","lastModifiedDate":"2020-06-09"},{"lineNumber":141,"author":{"gitId":"-"},"content":"\u003cspan id\u003d\"examples\" class\u003d\"d-none\"\u003e","lastModifiedDate":"2020-06-09"},{"lineNumber":142,"author":{"gitId":"-"},"content":"","lastModifiedDate":"2020-06-09"},{"lineNumber":143,"author":{"gitId":"-"},"content":"\u003cinclude src\u003d\"diagrams.mbdf#puml-examples\" /\u003e","lastModifiedDate":"2020-06-09"},{"lineNumber":144,"author":{"gitId":"-"},"content":"","lastModifiedDate":"2020-06-09"},{"lineNumber":145,"author":{"gitId":"-"},"content":"\u003c/span\u003e","lastModifiedDate":"2020-06-09"}],"authorContributionMap":{"-":144,"kimberlyohq":1}},{"path":"packages/vue-components/src/PageNavButton.vue","fileType":"vue","lines":[{"lineNumber":1,"author":{"gitId":"-"},"content":"\u003ctemplate\u003e","lastModifiedDate":"2021-02-06"},{"lineNumber":2,"author":{"gitId":"-"},"content":"  \u003coverlay","lastModifiedDate":"2021-02-06"},{"lineNumber":3,"author":{"gitId":"-"},"content":"    v-if\u003d\"showPageNav\"","lastModifiedDate":"2021-02-06"},{"lineNumber":4,"author":{"gitId":"-"},"content":"    type\u003d\"pageNav\"","lastModifiedDate":"2021-02-06"},{"lineNumber":5,"author":{"gitId":"-"},"content":"    :portal-name\u003d\"portalName\"","lastModifiedDate":"2021-05-01"},{"lineNumber":6,"author":{"gitId":"-"},"content":"  \u003e","lastModifiedDate":"2021-02-06"},{"lineNumber":7,"author":{"gitId":"-"},"content":"    \u003ctemplate #navMenuIcon\u003e","lastModifiedDate":"2021-02-24"},{"lineNumber":8,"author":{"gitId":"kimberlyohq"},"content":"      \u003cdiv :class\u003d\"[\u0027toggle-page-nav-button\u0027]\"\u003e","lastModifiedDate":"2021-06-26"},{"lineNumber":9,"author":{"gitId":"kimberlyohq"},"content":"        \u003cspan\u003e\u003c/span\u003e","lastModifiedDate":"2021-06-26"},{"lineNumber":10,"author":{"gitId":"kimberlyohq"},"content":"        \u003cspan\u003e\u003c/span\u003e","lastModifiedDate":"2021-06-26"},{"lineNumber":11,"author":{"gitId":"kimberlyohq"},"content":"        \u003cspan\u003e\u003c/span\u003e","lastModifiedDate":"2021-06-26"},{"lineNumber":12,"author":{"gitId":"kimberlyohq"},"content":"      \u003c/div\u003e","lastModifiedDate":"2021-06-26"},{"lineNumber":13,"author":{"gitId":"-"},"content":"    \u003c/template\u003e","lastModifiedDate":"2021-02-24"},{"lineNumber":14,"author":{"gitId":"-"},"content":"  \u003c/overlay\u003e","lastModifiedDate":"2021-02-06"},{"lineNumber":15,"author":{"gitId":"-"},"content":"\u003c/template\u003e","lastModifiedDate":"2021-02-06"},{"lineNumber":16,"author":{"gitId":"-"},"content":"","lastModifiedDate":"2021-02-06"},{"lineNumber":17,"author":{"gitId":"-"},"content":"\u003cscript\u003e","lastModifiedDate":"2021-02-06"},{"lineNumber":18,"author":{"gitId":"-"},"content":"import $ from \u0027./utils/NodeList\u0027;","lastModifiedDate":"2021-02-06"},{"lineNumber":19,"author":{"gitId":"-"},"content":"","lastModifiedDate":"2021-02-06"},{"lineNumber":20,"author":{"gitId":"-"},"content":"export default {","lastModifiedDate":"2021-02-06"},{"lineNumber":21,"author":{"gitId":"-"},"content":"  data() {","lastModifiedDate":"2021-02-06"},{"lineNumber":22,"author":{"gitId":"-"},"content":"    return {","lastModifiedDate":"2021-02-06"},{"lineNumber":23,"author":{"gitId":"-"},"content":"      portalName: undefined,","lastModifiedDate":"2021-05-01"},{"lineNumber":24,"author":{"gitId":"-"},"content":"      show: false,","lastModifiedDate":"2021-02-06"},{"lineNumber":25,"author":{"gitId":"-"},"content":"    };","lastModifiedDate":"2021-02-06"},{"lineNumber":26,"author":{"gitId":"-"},"content":"  },","lastModifiedDate":"2021-02-06"},{"lineNumber":27,"author":{"gitId":"-"},"content":"  computed: {","lastModifiedDate":"2021-02-06"},{"lineNumber":28,"author":{"gitId":"-"},"content":"    showPageNav() {","lastModifiedDate":"2021-02-06"},{"lineNumber":29,"author":{"gitId":"-"},"content":"      return this.show \u0026\u0026 this.portalName;","lastModifiedDate":"2021-05-01"},{"lineNumber":30,"author":{"gitId":"-"},"content":"    },","lastModifiedDate":"2021-02-06"},{"lineNumber":31,"author":{"gitId":"-"},"content":"  },","lastModifiedDate":"2021-02-06"},{"lineNumber":32,"author":{"gitId":"-"},"content":"  methods: {","lastModifiedDate":"2021-02-06"},{"lineNumber":33,"author":{"gitId":"-"},"content":"    togglePageNavButton() {","lastModifiedDate":"2021-02-06"},{"lineNumber":34,"author":{"gitId":"-"},"content":"      if (window.innerWidth \u003c 1300) {","lastModifiedDate":"2021-02-06"},{"lineNumber":35,"author":{"gitId":"-"},"content":"        this.show \u003d true;","lastModifiedDate":"2021-02-06"},{"lineNumber":36,"author":{"gitId":"-"},"content":"      } else {","lastModifiedDate":"2021-02-06"},{"lineNumber":37,"author":{"gitId":"-"},"content":"        this.show \u003d false;","lastModifiedDate":"2021-02-06"},{"lineNumber":38,"author":{"gitId":"-"},"content":"      }","lastModifiedDate":"2021-02-06"},{"lineNumber":39,"author":{"gitId":"-"},"content":"    },","lastModifiedDate":"2021-02-06"},{"lineNumber":40,"author":{"gitId":"-"},"content":"  },","lastModifiedDate":"2021-02-06"},{"lineNumber":41,"author":{"gitId":"-"},"content":"  mounted() {","lastModifiedDate":"2021-02-06"},{"lineNumber":42,"author":{"gitId":"-"},"content":"    if (document.querySelector(\u0027#page-nav a\u0027) !\u003d\u003d null) {","lastModifiedDate":"2021-05-05"},{"lineNumber":43,"author":{"gitId":"-"},"content":"      this.portalName \u003d \u0027page-nav\u0027;","lastModifiedDate":"2021-05-01"},{"lineNumber":44,"author":{"gitId":"-"},"content":"    } else if (document.querySelector(\u0027#mb-page-nav a\u0027) !\u003d\u003d null) {","lastModifiedDate":"2021-05-05"},{"lineNumber":45,"author":{"gitId":"-"},"content":"      this.portalName \u003d \u0027mb-page-nav\u0027;","lastModifiedDate":"2021-05-01"},{"lineNumber":46,"author":{"gitId":"-"},"content":"    }","lastModifiedDate":"2021-05-01"},{"lineNumber":47,"author":{"gitId":"-"},"content":"","lastModifiedDate":"2021-05-01"},{"lineNumber":48,"author":{"gitId":"-"},"content":"    this.togglePageNavButton();","lastModifiedDate":"2021-02-06"},{"lineNumber":49,"author":{"gitId":"-"},"content":"    $(window).on(\u0027resize\u0027, this.togglePageNavButton);","lastModifiedDate":"2021-02-06"},{"lineNumber":50,"author":{"gitId":"-"},"content":"  },","lastModifiedDate":"2021-02-06"},{"lineNumber":51,"author":{"gitId":"-"},"content":"  beforeDestroy() {","lastModifiedDate":"2021-02-06"},{"lineNumber":52,"author":{"gitId":"-"},"content":"    $(window).off(\u0027resize\u0027, this.togglePageNavButton);","lastModifiedDate":"2021-02-06"},{"lineNumber":53,"author":{"gitId":"-"},"content":"  },","lastModifiedDate":"2021-02-06"},{"lineNumber":54,"author":{"gitId":"-"},"content":"};","lastModifiedDate":"2021-02-06"},{"lineNumber":55,"author":{"gitId":"-"},"content":"\u003c/script\u003e","lastModifiedDate":"2021-02-06"},{"lineNumber":56,"author":{"gitId":"-"},"content":"","lastModifiedDate":"2021-02-06"},{"lineNumber":57,"author":{"gitId":"-"},"content":"\u003cstyle scoped\u003e","lastModifiedDate":"2021-02-06"},{"lineNumber":58,"author":{"gitId":"-"},"content":"    .toggle-page-nav-button {","lastModifiedDate":"2021-02-06"},{"lineNumber":59,"author":{"gitId":"-"},"content":"        cursor: pointer;","lastModifiedDate":"2021-02-06"},{"lineNumber":60,"author":{"gitId":"kimberlyohq"},"content":"        top: 6px;","lastModifiedDate":"2021-06-26"},{"lineNumber":61,"author":{"gitId":"-"},"content":"        padding: 15px;","lastModifiedDate":"2021-02-06"},{"lineNumber":62,"author":{"gitId":"-"},"content":"        position: absolute;","lastModifiedDate":"2021-02-06"},{"lineNumber":63,"author":{"gitId":"kimberlyohq"},"content":"        right: 0;","lastModifiedDate":"2021-06-26"},{"lineNumber":64,"author":{"gitId":"-"},"content":"    }","lastModifiedDate":"2021-06-26"},{"lineNumber":65,"author":{"gitId":"-"},"content":"","lastModifiedDate":"2021-06-26"},{"lineNumber":66,"author":{"gitId":"kimberlyohq"},"content":"    .toggle-page-nav-button span {","lastModifiedDate":"2021-06-26"},{"lineNumber":67,"author":{"gitId":"kimberlyohq"},"content":"        background-color: #000;","lastModifiedDate":"2021-06-26"},{"lineNumber":68,"author":{"gitId":"kimberlyohq"},"content":"        border-radius: 50%;","lastModifiedDate":"2021-06-26"},{"lineNumber":69,"author":{"gitId":"kimberlyohq"},"content":"        display: block;","lastModifiedDate":"2021-06-26"},{"lineNumber":70,"author":{"gitId":"kimberlyohq"},"content":"        height: 5px;","lastModifiedDate":"2021-06-26"},{"lineNumber":71,"author":{"gitId":"kimberlyohq"},"content":"        margin-top: 2px;","lastModifiedDate":"2021-06-26"},{"lineNumber":72,"author":{"gitId":"kimberlyohq"},"content":"        position: absolute;","lastModifiedDate":"2021-06-26"},{"lineNumber":73,"author":{"gitId":"kimberlyohq"},"content":"        right: 15px;","lastModifiedDate":"2021-06-26"},{"lineNumber":74,"author":{"gitId":"kimberlyohq"},"content":"        transform: rotate(0deg);","lastModifiedDate":"2021-06-26"},{"lineNumber":75,"author":{"gitId":"kimberlyohq"},"content":"        transition: all 0.25s ease-in-out;","lastModifiedDate":"2021-06-26"},{"lineNumber":76,"author":{"gitId":"kimberlyohq"},"content":"        width: 5px;","lastModifiedDate":"2021-06-26"},{"lineNumber":77,"author":{"gitId":"-"},"content":"    }","lastModifiedDate":"2021-06-26"},{"lineNumber":78,"author":{"gitId":"kimberlyohq"},"content":"","lastModifiedDate":"2021-06-26"},{"lineNumber":79,"author":{"gitId":"kimberlyohq"},"content":"    .toggle-page-nav-button \u003e span:nth-child(1) {","lastModifiedDate":"2021-06-26"},{"lineNumber":80,"author":{"gitId":"kimberlyohq"},"content":"        transform: translateY(-8px);","lastModifiedDate":"2021-06-26"},{"lineNumber":81,"author":{"gitId":"kimberlyohq"},"content":"    }","lastModifiedDate":"2021-06-26"},{"lineNumber":82,"author":{"gitId":"kimberlyohq"},"content":"","lastModifiedDate":"2021-06-26"},{"lineNumber":83,"author":{"gitId":"kimberlyohq"},"content":"    .toggle-page-nav-button \u003e span:nth-child(2) {","lastModifiedDate":"2021-06-26"},{"lineNumber":84,"author":{"gitId":"kimberlyohq"},"content":"        transform-origin: 100% 50%;","lastModifiedDate":"2021-06-26"},{"lineNumber":85,"author":{"gitId":"kimberlyohq"},"content":"    }","lastModifiedDate":"2021-06-26"},{"lineNumber":86,"author":{"gitId":"kimberlyohq"},"content":"","lastModifiedDate":"2021-06-26"},{"lineNumber":87,"author":{"gitId":"kimberlyohq"},"content":"    .toggle-page-nav-button \u003e span:nth-child(3) {","lastModifiedDate":"2021-06-26"},{"lineNumber":88,"author":{"gitId":"kimberlyohq"},"content":"        transform: translateY(8px);","lastModifiedDate":"2021-06-26"},{"lineNumber":89,"author":{"gitId":"kimberlyohq"},"content":"    }","lastModifiedDate":"2021-06-26"},{"lineNumber":90,"author":{"gitId":"kimberlyohq"},"content":"","lastModifiedDate":"2021-06-26"},{"lineNumber":91,"author":{"gitId":"kimberlyohq"},"content":"    .nav-menu-close-icon .toggle-page-nav-button \u003e span:nth-child(1) {","lastModifiedDate":"2021-06-26"},{"lineNumber":92,"author":{"gitId":"kimberlyohq"},"content":"        border-radius: 0;","lastModifiedDate":"2021-06-26"},{"lineNumber":93,"author":{"gitId":"kimberlyohq"},"content":"        height: 3px;","lastModifiedDate":"2021-06-26"},{"lineNumber":94,"author":{"gitId":"kimberlyohq"},"content":"        transform: rotate(135deg);","lastModifiedDate":"2021-06-26"},{"lineNumber":95,"author":{"gitId":"kimberlyohq"},"content":"        width: 21px;","lastModifiedDate":"2021-06-26"},{"lineNumber":96,"author":{"gitId":"kimberlyohq"},"content":"    }","lastModifiedDate":"2021-06-26"},{"lineNumber":97,"author":{"gitId":"kimberlyohq"},"content":"","lastModifiedDate":"2021-06-26"},{"lineNumber":98,"author":{"gitId":"kimberlyohq"},"content":"    .nav-menu-close-icon .toggle-page-nav-button \u003e span:nth-child(2) {","lastModifiedDate":"2021-06-26"},{"lineNumber":99,"author":{"gitId":"kimberlyohq"},"content":"        transform: scale(0);","lastModifiedDate":"2021-06-26"},{"lineNumber":100,"author":{"gitId":"-"},"content":"    }","lastModifiedDate":"2021-02-06"},{"lineNumber":101,"author":{"gitId":"-"},"content":"","lastModifiedDate":"2021-02-06"},{"lineNumber":102,"author":{"gitId":"kimberlyohq"},"content":"    .nav-menu-close-icon .toggle-page-nav-button \u003e span:nth-child(3) {","lastModifiedDate":"2021-06-26"},{"lineNumber":103,"author":{"gitId":"kimberlyohq"},"content":"        border-radius: 0;","lastModifiedDate":"2021-06-26"},{"lineNumber":104,"author":{"gitId":"kimberlyohq"},"content":"        height: 3px;","lastModifiedDate":"2021-06-26"},{"lineNumber":105,"author":{"gitId":"kimberlyohq"},"content":"        transform: rotate(-135deg);","lastModifiedDate":"2021-06-26"},{"lineNumber":106,"author":{"gitId":"kimberlyohq"},"content":"        width: 21px;","lastModifiedDate":"2021-06-26"},{"lineNumber":107,"author":{"gitId":"-"},"content":"    }","lastModifiedDate":"2021-02-06"},{"lineNumber":108,"author":{"gitId":"kimberlyohq"},"content":"","lastModifiedDate":"2021-06-26"},{"lineNumber":109,"author":{"gitId":"-"},"content":"\u003c/style\u003e","lastModifiedDate":"2021-02-06"}],"authorContributionMap":{"-":63,"kimberlyohq":46}},{"path":"packages/vue-components/src/SiteNavButton.vue","fileType":"vue","lines":[{"lineNumber":1,"author":{"gitId":"-"},"content":"\u003ctemplate\u003e","lastModifiedDate":"2021-02-06"},{"lineNumber":2,"author":{"gitId":"-"},"content":"  \u003coverlay","lastModifiedDate":"2021-02-06"},{"lineNumber":3,"author":{"gitId":"-"},"content":"    v-if\u003d\"showSiteNav\"","lastModifiedDate":"2021-02-06"},{"lineNumber":4,"author":{"gitId":"-"},"content":"    type\u003d\"siteNav\"","lastModifiedDate":"2021-02-06"},{"lineNumber":5,"author":{"gitId":"-"},"content":"    :portal-name\u003d\"portalName\"","lastModifiedDate":"2021-05-01"},{"lineNumber":6,"author":{"gitId":"-"},"content":"  \u003e","lastModifiedDate":"2021-02-06"},{"lineNumber":7,"author":{"gitId":"-"},"content":"    \u003ctemplate #navMenuIcon\u003e","lastModifiedDate":"2021-02-24"},{"lineNumber":8,"author":{"gitId":"kimberlyohq"},"content":"      \u003cdiv","lastModifiedDate":"2021-06-26"},{"lineNumber":9,"author":{"gitId":"kimberlyohq"},"content":"        :class\u003d\"[\u0027toggle-site-nav-button\u0027]\"","lastModifiedDate":"2021-06-26"},{"lineNumber":10,"author":{"gitId":"kimberlyohq"},"content":"      \u003e","lastModifiedDate":"2021-06-26"},{"lineNumber":11,"author":{"gitId":"kimberlyohq"},"content":"        \u003cspan\u003e\u003c/span\u003e","lastModifiedDate":"2021-06-26"},{"lineNumber":12,"author":{"gitId":"kimberlyohq"},"content":"        \u003cspan\u003e\u003c/span\u003e","lastModifiedDate":"2021-06-26"},{"lineNumber":13,"author":{"gitId":"kimberlyohq"},"content":"        \u003cspan\u003e\u003c/span\u003e","lastModifiedDate":"2021-06-26"},{"lineNumber":14,"author":{"gitId":"kimberlyohq"},"content":"      \u003c/div\u003e","lastModifiedDate":"2021-06-26"},{"lineNumber":15,"author":{"gitId":"-"},"content":"    \u003c/template\u003e","lastModifiedDate":"2021-02-24"},{"lineNumber":16,"author":{"gitId":"-"},"content":"  \u003c/overlay\u003e","lastModifiedDate":"2021-02-06"},{"lineNumber":17,"author":{"gitId":"-"},"content":"\u003c/template\u003e","lastModifiedDate":"2021-02-06"},{"lineNumber":18,"author":{"gitId":"-"},"content":"","lastModifiedDate":"2021-02-06"},{"lineNumber":19,"author":{"gitId":"-"},"content":"\u003cscript\u003e","lastModifiedDate":"2021-02-06"},{"lineNumber":20,"author":{"gitId":"-"},"content":"import $ from \u0027./utils/NodeList\u0027;","lastModifiedDate":"2021-02-06"},{"lineNumber":21,"author":{"gitId":"-"},"content":"","lastModifiedDate":"2021-02-06"},{"lineNumber":22,"author":{"gitId":"-"},"content":"export default {","lastModifiedDate":"2021-02-06"},{"lineNumber":23,"author":{"gitId":"-"},"content":"  data() {","lastModifiedDate":"2021-02-06"},{"lineNumber":24,"author":{"gitId":"-"},"content":"    return {","lastModifiedDate":"2021-02-06"},{"lineNumber":25,"author":{"gitId":"-"},"content":"      portalName: undefined,","lastModifiedDate":"2021-05-01"},{"lineNumber":26,"author":{"gitId":"-"},"content":"      show: false,","lastModifiedDate":"2021-02-06"},{"lineNumber":27,"author":{"gitId":"-"},"content":"    };","lastModifiedDate":"2021-02-06"},{"lineNumber":28,"author":{"gitId":"-"},"content":"  },","lastModifiedDate":"2021-02-06"},{"lineNumber":29,"author":{"gitId":"-"},"content":"  computed: {","lastModifiedDate":"2021-02-06"},{"lineNumber":30,"author":{"gitId":"-"},"content":"    showSiteNav() {","lastModifiedDate":"2021-02-06"},{"lineNumber":31,"author":{"gitId":"-"},"content":"      return this.show \u0026\u0026 this.portalName;","lastModifiedDate":"2021-05-01"},{"lineNumber":32,"author":{"gitId":"-"},"content":"    },","lastModifiedDate":"2021-02-06"},{"lineNumber":33,"author":{"gitId":"-"},"content":"  },","lastModifiedDate":"2021-02-06"},{"lineNumber":34,"author":{"gitId":"-"},"content":"  methods: {","lastModifiedDate":"2021-02-06"},{"lineNumber":35,"author":{"gitId":"-"},"content":"    toggleSiteNavButton() {","lastModifiedDate":"2021-02-06"},{"lineNumber":36,"author":{"gitId":"-"},"content":"      if (window.innerWidth \u003c 992) {","lastModifiedDate":"2021-02-06"},{"lineNumber":37,"author":{"gitId":"-"},"content":"        this.show \u003d true;","lastModifiedDate":"2021-02-06"},{"lineNumber":38,"author":{"gitId":"-"},"content":"      } else {","lastModifiedDate":"2021-02-06"},{"lineNumber":39,"author":{"gitId":"-"},"content":"        this.show \u003d false;","lastModifiedDate":"2021-02-06"},{"lineNumber":40,"author":{"gitId":"-"},"content":"      }","lastModifiedDate":"2021-02-06"},{"lineNumber":41,"author":{"gitId":"-"},"content":"    },","lastModifiedDate":"2021-02-06"},{"lineNumber":42,"author":{"gitId":"-"},"content":"  },","lastModifiedDate":"2021-02-06"},{"lineNumber":43,"author":{"gitId":"-"},"content":"  mounted() {","lastModifiedDate":"2021-02-06"},{"lineNumber":44,"author":{"gitId":"-"},"content":"    if (document.querySelector(\u0027#site-nav a\u0027) !\u003d\u003d null) {","lastModifiedDate":"2021-05-05"},{"lineNumber":45,"author":{"gitId":"-"},"content":"      this.portalName \u003d \u0027site-nav\u0027;","lastModifiedDate":"2021-05-01"},{"lineNumber":46,"author":{"gitId":"-"},"content":"    } else if (document.querySelector(\u0027.site-nav-root a\u0027) !\u003d\u003d null) {","lastModifiedDate":"2021-05-05"},{"lineNumber":47,"author":{"gitId":"-"},"content":"      this.portalName \u003d \u0027mb-site-nav\u0027;","lastModifiedDate":"2021-05-01"},{"lineNumber":48,"author":{"gitId":"-"},"content":"    }","lastModifiedDate":"2021-05-01"},{"lineNumber":49,"author":{"gitId":"-"},"content":"","lastModifiedDate":"2021-05-01"},{"lineNumber":50,"author":{"gitId":"-"},"content":"    this.toggleSiteNavButton();","lastModifiedDate":"2021-02-06"},{"lineNumber":51,"author":{"gitId":"-"},"content":"    $(window).on(\u0027resize\u0027, this.toggleSiteNavButton);","lastModifiedDate":"2021-02-06"},{"lineNumber":52,"author":{"gitId":"-"},"content":"  },","lastModifiedDate":"2021-02-06"},{"lineNumber":53,"author":{"gitId":"-"},"content":"  beforeDestroy() {","lastModifiedDate":"2021-02-06"},{"lineNumber":54,"author":{"gitId":"-"},"content":"    $(window).off(\u0027resize\u0027, this.toggleSiteNavButton);","lastModifiedDate":"2021-02-06"},{"lineNumber":55,"author":{"gitId":"-"},"content":"  },","lastModifiedDate":"2021-02-06"},{"lineNumber":56,"author":{"gitId":"-"},"content":"};","lastModifiedDate":"2021-02-06"},{"lineNumber":57,"author":{"gitId":"-"},"content":"\u003c/script\u003e","lastModifiedDate":"2021-02-06"},{"lineNumber":58,"author":{"gitId":"-"},"content":"","lastModifiedDate":"2021-02-06"},{"lineNumber":59,"author":{"gitId":"-"},"content":"\u003cstyle scoped\u003e","lastModifiedDate":"2021-02-06"},{"lineNumber":60,"author":{"gitId":"kimberlyohq"},"content":"","lastModifiedDate":"2021-06-26"},{"lineNumber":61,"author":{"gitId":"-"},"content":"    .toggle-site-nav-button {","lastModifiedDate":"2021-02-06"},{"lineNumber":62,"author":{"gitId":"-"},"content":"        cursor: pointer;","lastModifiedDate":"2021-02-06"},{"lineNumber":63,"author":{"gitId":"kimberlyohq"},"content":"        height: 53px;","lastModifiedDate":"2021-06-26"},{"lineNumber":64,"author":{"gitId":"-"},"content":"        left: 0;","lastModifiedDate":"2021-02-06"},{"lineNumber":65,"author":{"gitId":"-"},"content":"        padding: 15px;","lastModifiedDate":"2021-02-06"},{"lineNumber":66,"author":{"gitId":"-"},"content":"        position: absolute;","lastModifiedDate":"2021-02-06"},{"lineNumber":67,"author":{"gitId":"kimberlyohq"},"content":"        transform: rotate(0deg);","lastModifiedDate":"2021-06-26"},{"lineNumber":68,"author":{"gitId":"kimberlyohq"},"content":"        transition: all 0.25s ease-in-out;","lastModifiedDate":"2021-06-26"},{"lineNumber":69,"author":{"gitId":"kimberlyohq"},"content":"        width: 52px;","lastModifiedDate":"2021-06-26"},{"lineNumber":70,"author":{"gitId":"kimberlyohq"},"content":"    }","lastModifiedDate":"2021-06-26"},{"lineNumber":71,"author":{"gitId":"kimberlyohq"},"content":"","lastModifiedDate":"2021-06-26"},{"lineNumber":72,"author":{"gitId":"kimberlyohq"},"content":"    .toggle-site-nav-button span {","lastModifiedDate":"2021-06-26"},{"lineNumber":73,"author":{"gitId":"kimberlyohq"},"content":"        background-color: #000;","lastModifiedDate":"2021-06-26"},{"lineNumber":74,"author":{"gitId":"kimberlyohq"},"content":"        display: block;","lastModifiedDate":"2021-06-26"},{"lineNumber":75,"author":{"gitId":"kimberlyohq"},"content":"        height: 3px;","lastModifiedDate":"2021-06-26"},{"lineNumber":76,"author":{"gitId":"kimberlyohq"},"content":"        left: 15px;","lastModifiedDate":"2021-06-26"},{"lineNumber":77,"author":{"gitId":"kimberlyohq"},"content":"        position: absolute;","lastModifiedDate":"2021-06-26"},{"lineNumber":78,"author":{"gitId":"kimberlyohq"},"content":"        top: 50%;","lastModifiedDate":"2021-06-26"},{"lineNumber":79,"author":{"gitId":"kimberlyohq"},"content":"        transition: all 0.25s ease-in-out;","lastModifiedDate":"2021-06-26"},{"lineNumber":80,"author":{"gitId":"kimberlyohq"},"content":"        width: 21px;","lastModifiedDate":"2021-06-26"},{"lineNumber":81,"author":{"gitId":"kimberlyohq"},"content":"    }","lastModifiedDate":"2021-06-26"},{"lineNumber":82,"author":{"gitId":"kimberlyohq"},"content":"","lastModifiedDate":"2021-06-26"},{"lineNumber":83,"author":{"gitId":"kimberlyohq"},"content":"    .toggle-site-nav-button \u003e span:nth-child(1) {","lastModifiedDate":"2021-06-26"},{"lineNumber":84,"author":{"gitId":"kimberlyohq"},"content":"        transform: translateY(-8px);","lastModifiedDate":"2021-06-26"},{"lineNumber":85,"author":{"gitId":"-"},"content":"    }","lastModifiedDate":"2021-06-26"},{"lineNumber":86,"author":{"gitId":"-"},"content":"","lastModifiedDate":"2021-06-26"},{"lineNumber":87,"author":{"gitId":"kimberlyohq"},"content":"    .toggle-site-nav-button \u003e span:nth-child(2) {","lastModifiedDate":"2021-06-26"},{"lineNumber":88,"author":{"gitId":"kimberlyohq"},"content":"        transform-origin: 100% 50%;","lastModifiedDate":"2021-06-26"},{"lineNumber":89,"author":{"gitId":"-"},"content":"    }","lastModifiedDate":"2021-06-26"},{"lineNumber":90,"author":{"gitId":"kimberlyohq"},"content":"","lastModifiedDate":"2021-06-26"},{"lineNumber":91,"author":{"gitId":"kimberlyohq"},"content":"    .toggle-site-nav-button \u003e span:nth-child(3) {","lastModifiedDate":"2021-06-26"},{"lineNumber":92,"author":{"gitId":"kimberlyohq"},"content":"        transform: translateY(8px);","lastModifiedDate":"2021-06-26"},{"lineNumber":93,"author":{"gitId":"kimberlyohq"},"content":"    }","lastModifiedDate":"2021-06-26"},{"lineNumber":94,"author":{"gitId":"kimberlyohq"},"content":"","lastModifiedDate":"2021-06-26"},{"lineNumber":95,"author":{"gitId":"kimberlyohq"},"content":"    .nav-menu-close-icon .toggle-site-nav-button \u003e span:nth-child(1) {","lastModifiedDate":"2021-06-26"},{"lineNumber":96,"author":{"gitId":"kimberlyohq"},"content":"        transform: rotate(135deg);","lastModifiedDate":"2021-06-26"},{"lineNumber":97,"author":{"gitId":"kimberlyohq"},"content":"    }","lastModifiedDate":"2021-06-26"},{"lineNumber":98,"author":{"gitId":"kimberlyohq"},"content":"","lastModifiedDate":"2021-06-26"},{"lineNumber":99,"author":{"gitId":"kimberlyohq"},"content":"    .nav-menu-close-icon .toggle-site-nav-button \u003e span:nth-child(2) {","lastModifiedDate":"2021-06-26"},{"lineNumber":100,"author":{"gitId":"kimberlyohq"},"content":"        left: -60px;","lastModifiedDate":"2021-06-26"},{"lineNumber":101,"author":{"gitId":"kimberlyohq"},"content":"        opacity: 0;","lastModifiedDate":"2021-06-26"},{"lineNumber":102,"author":{"gitId":"-"},"content":"    }","lastModifiedDate":"2021-02-06"},{"lineNumber":103,"author":{"gitId":"-"},"content":"","lastModifiedDate":"2021-02-06"},{"lineNumber":104,"author":{"gitId":"kimberlyohq"},"content":"    .nav-menu-close-icon .toggle-site-nav-button \u003e span:nth-child(3) {","lastModifiedDate":"2021-06-26"},{"lineNumber":105,"author":{"gitId":"kimberlyohq"},"content":"        transform: rotate(-135deg);","lastModifiedDate":"2021-06-26"},{"lineNumber":106,"author":{"gitId":"-"},"content":"    }","lastModifiedDate":"2021-02-06"},{"lineNumber":107,"author":{"gitId":"kimberlyohq"},"content":"","lastModifiedDate":"2021-06-26"},{"lineNumber":108,"author":{"gitId":"-"},"content":"\u003c/style\u003e","lastModifiedDate":"2021-02-06"}],"authorContributionMap":{"-":64,"kimberlyohq":44}}]
