{"authorDailyContributionsMap":{"MorningLit":[{"date":"2021-07-05","commitResults":[{"hash":"1e0c159c4b566f1c087adcf6f89c64f2d4e26f7c","messageTitle":"Add left padding to page nav title (#1625)","messageBody":"","fileTypesAndContributionMap":{"css":{"insertions":1,"deletions":0}}}]}],"Jonah Tan":[{"date":"2021-04-02","commitResults":[{"hash":"5c826ce0c447e86137534a64be3c048acc5754c1","messageTitle":"Fix intrasiteLinkValidation code block (#1527)","messageBody":"","fileTypesAndContributionMap":{"md":{"insertions":1,"deletions":0}}}]},{"date":"2021-04-09","commitResults":[{"hash":"1dae7369d377a2fed90b858bcaf948e195d56fc6","messageTitle":"Fix missing return termination in rebuildRequiredPages (#1541)","messageBody":"","fileTypesAndContributionMap":{"js":{"insertions":1,"deletions":0}}}]},{"date":"2021-04-11","commitResults":[{"hash":"a56d3d7b354bd4012a8a83354e5bfb1bf61d1029","messageTitle":"Implement live preview for site.json (#1529)","messageBody":"When attributes other than pages in site.json are modified, a server\r\nrestart is required to reflect the changes on the live preview. This \r\ncan become a hassle to the user as they will need to frequently \r\nrestart the server when trying out different site configuration.\r\n\r\nLet\u0027s support live preview for all the attributes in site.json so \r\nthat the latest changes can be reflected without restarting \r\nthe server.","fileTypesAndContributionMap":{"md":{"insertions":6,"deletions":0},"js":{"insertions":71,"deletions":7}}}]},{"date":"2021-06-16","commitResults":[{"hash":"6474e4470d7a8c9163182fa051321715a9bf08c7","messageTitle":"Fix reloading issue for custom site configs (#1579)","messageBody":"","fileTypesAndContributionMap":{"js":{"insertions":1,"deletions":2}}}]},{"date":"2021-06-21","commitResults":[{"hash":"136ed4c3300440da695a2b5d24dd09178cd27191","messageTitle":"Fix unresponsive fixed header padding (#1595)","messageBody":"When external stylesheets from different domains are used,\r\nthe cssRules of these stylesheets cannot be accessed or\r\nmodified due to CORS policy. This causes the method that\r\nadjusts the fixed header padding to throw an error and\r\nterminate prematurely.\r\n\r\nLet\u0027s wrap this method in a try/catch block so that external\r\nstylesheets from other domains will be skipped if cssRules\r\nis not accessible.","fileTypesAndContributionMap":{"js":{"insertions":24,"deletions":20}}}]},{"date":"2021-06-27","commitResults":[{"hash":"a00655ceafb5a96bca39bd8993e9f4afb51ccae6","messageTitle":"Fix blocking ::before pseudo element in panel (#1603)","messageBody":"Using ::before in panels may block interactive elements before\r\nthe panels. The spacing created using ::before is needed so that\r\npanels do not get blocked by the fixed header when using anchor\r\nnavigation.\r\n\r\nLet\u0027s replace ::before with scroll-margin-top which similarly creates\r\nspacing before the panels when using anchor navigation and does\r\nnot block other elements.","fileTypesAndContributionMap":{"js":{"insertions":3,"deletions":9}}}]},{"date":"2021-06-29","commitResults":[{"hash":"3bf8747eff2f95020b5a5ab98d898c7d4f5f7c07","messageTitle":"Fix type warning for active prop in tab (#1613)","messageBody":"","fileTypesAndContributionMap":{"vue":{"insertions":2,"deletions":2}}}]},{"date":"2021-07-05","commitResults":[{"hash":"1d211f163217799c65ffd964a4f4a86019f90c49","messageTitle":"v3.0.4","messageBody":"","tags":["v3.0.4"],"fileTypesAndContributionMap":{"json":{"insertions":9,"deletions":9},"js":{"insertions":13,"deletions":13}}}]}],"Ze Yu":[{"date":"2021-04-28","commitResults":[{"hash":"35098c45145a0a1bced19e11cca29ba33cac01f0","messageTitle":"Bump package-lock.json","messageBody":"","fileTypesAndContributionMap":{"json":{"insertions":0,"deletions":4683}}},{"hash":"187022f38eaf17243e79ec191bc6c7f1b6be74f7","messageTitle":"Update expected font-awesome test assets","messageBody":"","fileTypesAndContributionMap":{"css":{"insertions":12,"deletions":12}}}]},{"date":"2021-06-06","commitResults":[{"hash":"bc0b1792909913c7ed53e05dadf56defa8753470","messageTitle":"Bump package-lock.json","messageBody":"","fileTypesAndContributionMap":{"js":{"insertions":4,"deletions":4}}},{"hash":"b106ce2913fe3b672a3da5657d2f28a481f9f874","messageTitle":"v3.0.0","messageBody":"","tags":["v3.0.0"],"fileTypesAndContributionMap":{"css":{"insertions":8,"deletions":8},"json":{"insertions":9,"deletions":9},"js":{"insertions":13,"deletions":13}}},{"hash":"442d4c1e25e00cff9f9e9a9de8fa7f62cc968001","messageTitle":"Bump node version requirement to v12","messageBody":"","fileTypesAndContributionMap":{"md":{"insertions":1,"deletions":1},"yml":{"insertions":3,"deletions":3}}},{"hash":"efeba2e1aa2076e89f67368e9a869b8b98dd9fad","messageTitle":"Bump CI npm versions","messageBody":"","fileTypesAndContributionMap":{"yml":{"insertions":3,"deletions":0}}},{"hash":"66a7815af3e485fd1081a8f3ebec1491ce108710","messageTitle":"v3.0.1","messageBody":"","tags":["v3.0.1"],"fileTypesAndContributionMap":{"css":{"insertions":8,"deletions":8},"json":{"insertions":9,"deletions":9},"js":{"insertions":5,"deletions":5}}},{"hash":"d2b9cb901e1d2ccb8e6af41c727d86c903bff2f4","messageTitle":"Update more node and npm version requirements","messageBody":"","fileTypesAndContributionMap":{"md":{"insertions":6,"deletions":4}}}]},{"date":"2021-06-16","commitResults":[{"hash":"2866608409829e5d15ec40d7ef50b719c74fa14e","messageTitle":"v3.0.2","messageBody":"","tags":["v3.0.2"],"fileTypesAndContributionMap":{"json":{"insertions":9,"deletions":9},"js":{"insertions":5,"deletions":5}}}]}],"Samuel Fang":[{"date":"2021-06-27","commitResults":[{"hash":"777d022a0917391d2189091eb96d9e1e4f8ff35e","messageTitle":"Fix PlantUML typo in `diagrams.mbdf` of User Guide (#1600)","messageBody":"","fileTypesAndContributionMap":{"mbdf":{"insertions":1,"deletions":1}}}]}],"Rayson Koh":[{"date":"2021-03-25","commitResults":[{"hash":"6d2f7cd4ef85b47f6b69ce361e23de7cb98e355d","messageTitle":"NodeProcessor refactor: split into separate files (#1515)","messageBody":"","fileTypesAndContributionMap":{"js":{"insertions":700,"deletions":593}}}]},{"date":"2021-04-11","commitResults":[{"hash":"3bad591ce7066bd558e746c89a0074e8b0555b0f","messageTitle":"Ignore include tags during markdown processing (#1540)","messageBody":"With the updated content processing flow of\r\nnunjucks-\u003emarkdown-\u003ehtml, the content in\r\nincludes tag are being processed on the\r\nmarkdown side, causing display bugs when\r\nusing includes with nested variables.\r\n\r\nLet\u0027s mark the include tag to be ignored \r\nduring markdown processing","fileTypesAndContributionMap":{"mbdf":{"insertions":1,"deletions":0},"md":{"insertions":57,"deletions":0},"json":{"insertions":12,"deletions":0},"js":{"insertions":53,"deletions":1}}}]},{"date":"2021-04-13","commitResults":[{"hash":"6d6c5c95ec7cf66a2725ac899a9335157dba397f","messageTitle":"Update highlightjs method call syntax (#1521)","messageBody":"With highlightjs v10.7.0, the highlight API syntax has been \r\nmodified. Specifically, the usage of continuation as an \r\nextra argument, which Markbind uses for line-by-line \r\nhighlighting, has been deprecated.\r\n\r\nHighlighting the entire code block first and adding \r\nthe neccessary opening and closing tags for each \r\nline would enable line-by-line highlighting and also \r\nallow us to use the latest highlightjs API syntax.\r\n\r\nLet\u0027s,\r\n* update the highlight method to use the latest \r\nversion\u0027s syntax\r\n* update the logic for line-by-line highlighting to \r\ndo highlighting of the entire code block first and do \r\npost-processing to add the neccessary opening \r\nand closing tags per line.\r\n","fileTypesAndContributionMap":{"md":{"insertions":50,"deletions":0},"js":{"insertions":32,"deletions":21}}}]}],"wxwxwxwx9":[{"date":"2021-04-27","commitResults":[{"hash":"363e98294290a137fae323b10bd5184aeca71a59","messageTitle":"Remove FOUC temporary styles","messageBody":"","fileTypesAndContributionMap":{"css":{"insertions":0,"deletions":111},"js":{"insertions":0,"deletions":36}}},{"hash":"362cd6a709063e328244db1b3772312da37cf06c","messageTitle":"Resolve Vue side effects","messageBody":"Vue will raise warnings for the following:\n- use of undefined variables in components\n- use of un-provided injection variables\n- compilation of unknown tags\n- mutation of props\n","fileTypesAndContributionMap":{"vue":{"insertions":42,"deletions":14},"js":{"insertions":25,"deletions":8}}},{"hash":"55d80e9b9b6df8e66d96bfe79e3ff7830e538dbc","messageTitle":"Implement SSR for MarkBind","messageBody":"","fileTypesAndContributionMap":{"css":{"insertions":1,"deletions":0},"vue":{"insertions":28,"deletions":4},"json":{"insertions":11,"deletions":7},"js":{"insertions":662,"deletions":308},"njk":{"insertions":1,"deletions":3}}},{"hash":"430b7fcfd33868b218274321ed4368bacfe4ba15","messageTitle":"Remove HTML beautification feature","messageBody":"","fileTypesAndContributionMap":{"md":{"insertions":0,"deletions":12},"js":{"insertions":0,"deletions":11}}},{"hash":"063b9df0bb7637ae4d0034578eaeb7c10c7dfcd4","messageTitle":"Resolve SSR hydration issues","messageBody":"","fileTypesAndContributionMap":{"md":{"insertions":4,"deletions":1},"vue":{"insertions":40,"deletions":16},"js":{"insertions":15,"deletions":20}}}]},{"date":"2021-06-27","commitResults":[{"hash":"e17a007bccbe6d6b6639627e01424750f4f44c8d","messageTitle":"v3.0.3","messageBody":"","tags":["v3.0.3"],"fileTypesAndContributionMap":{"css":{"insertions":8,"deletions":8},"json":{"insertions":9,"deletions":9},"js":{"insertions":13,"deletions":13}}}]}],"Ang Ze Yu":[{"date":"2021-03-27","commitResults":[{"hash":"3e3b3a0dc3911d91c1ab403c1ecca9ca152a2d2e","messageTitle":"Update CI platform for build rerun in PR merge guide (#1520)","messageBody":"","fileTypesAndContributionMap":{"md":{"insertions":1,"deletions":1}}}]},{"date":"2021-04-28","commitResults":[{"hash":"a764683b1a551bdb8e5aaf50b977e9da0865dc36","messageTitle":"Avoid mutating Vue components\u0027 props (#1551)","messageBody":"","fileTypesAndContributionMap":{"vue":{"insertions":28,"deletions":39}}},{"hash":"6bb3e747ed6387699f8039f4d1afbd8165aa645e","messageTitle":"Bump eslint dependencies (#1552)","messageBody":"","fileTypesAndContributionMap":{"vue":{"insertions":7,"deletions":5},"json":{"insertions":5,"deletions":5}}},{"hash":"bbed3db023ca3c10315d664a540f420353555f43","messageTitle":"Standardise fsUtil import variable name (#1554)","messageBody":"","fileTypesAndContributionMap":{"js":{"insertions":15,"deletions":15}}}]},{"date":"2021-04-30","commitResults":[{"hash":"87facce29a9318eaf886e4336f66243c72762553","messageTitle":"Reorganize utility functions (#1555)","messageBody":"","fileTypesAndContributionMap":{"js":{"insertions":142,"deletions":221}}},{"hash":"eda3cfe71b9f86ac29da1531900de0847467932e","messageTitle":"Fix specificity of panel pseudo class for fixed header (#1557)","messageBody":"","fileTypesAndContributionMap":{"js":{"insertions":2,"deletions":2}}}]},{"date":"2021-05-01","commitResults":[{"hash":"42503a8c072a8568deac2e2f6fefdee85b13f2b2","messageTitle":"Use portals for mobile site and page nav (#1556)","messageBody":"With Vue SSR implemented, site and page nav mobile overlays are unable\r\nto retrieve the original page source describing the respective\r\nnavigation components.\r\nThis results in being unable to mount an interactive copy of said\r\ncomponents.\r\n\r\nLet\u0027s change the mobile site and page nav overlays to use portals as\r\nthe content source instead.\r\nPortal sources (site / page nav) are identified and created during\r\nbuild time.","fileTypesAndContributionMap":{"vue":{"insertions":79,"deletions":84},"js":{"insertions":77,"deletions":286},"json":{"insertions":1,"deletions":0}}}]},{"date":"2021-05-05","commitResults":[{"hash":"d45442b7794a8b5e9039f9a9667dc25b7aa18119","messageTitle":"Hide mobile navigation menus if there are no links (#1561)","messageBody":"","fileTypesAndContributionMap":{"mbdf":{"insertions":20,"deletions":5},"vue":{"insertions":4,"deletions":6},"js":{"insertions":56,"deletions":0}}},{"hash":"d8066fb95b420ecd4179f0951c89ee6bcce49ff2","messageTitle":"Forward root element styles to mobile navigation menu (#1562)","messageBody":"","fileTypesAndContributionMap":{"css":{"insertions":14,"deletions":7},"mbdf":{"insertions":35,"deletions":1},"vue":{"insertions":19,"deletions":1}}}]},{"date":"2021-05-06","commitResults":[{"hash":"d195507fe5c353c57f2d5e5c690611c730c226b2","messageTitle":"Fix page \u0026 site nav component paddings (#1564)","messageBody":"","fileTypesAndContributionMap":{"css":{"insertions":11,"deletions":14},"vue":{"insertions":0,"deletions":4}}}]},{"date":"2021-06-06","commitResults":[{"hash":"1d77810322e5b0aa53217916b6b3d96ef9387f60","messageTitle":"Change {{ pageNav }} variable to \u003cpage-nav\u003e (#1572)","messageBody":"Using a nunjucks variable for page navs with the new layout system is\r\ninconsistent with the use of \u003csite-nav /\u003e as navigation components.\r\n\r\nLet\u0027s standardise these syntaxes.","fileTypesAndContributionMap":{"mbdf":{"insertions":3,"deletions":3},"md":{"insertions":6,"deletions":6},"js":{"insertions":71,"deletions":24},"njk":{"insertions":1,"deletions":1}}},{"hash":"e2171e15344e67f6b2c96c5a871340c2490d3ba1","messageTitle":"Make the navbar current link highlight subtler (#1574)","messageBody":"","fileTypesAndContributionMap":{"css":{"insertions":0,"deletions":17},"vue":{"insertions":9,"deletions":0}}},{"hash":"a8c4a5fe75f610d6a951d25c7a2344e5ae426e7b","messageTitle":"Fix navbar dropdown text highlight text color (#1577)","messageBody":"","fileTypesAndContributionMap":{"vue":{"insertions":4,"deletions":2}}}]},{"date":"2021-06-16","commitResults":[{"hash":"684c0d2f04aacd775d268da49310dcfe9a84487b","messageTitle":"Fix unique by logic for Externals (#1587)","messageBody":"","fileTypesAndContributionMap":{"md":{"insertions":3,"deletions":0},"js":{"insertions":2,"deletions":2},"json":{"insertions":1,"deletions":0}}}]},{"date":"2021-07-03","commitResults":[{"hash":"4f51c2fe35032c37fd1ae3bcda4d9d2dea0f8239","messageTitle":"Add missing site-nav tag to html special tags (#1622)","messageBody":"","fileTypesAndContributionMap":{"md":{"insertions":1,"deletions":0},"js":{"insertions":28,"deletions":27}}}]}],"Ryo Armanda":[{"date":"2021-04-02","commitResults":[{"hash":"0ff31f682380042bca7b5fea4005bf869277b368","messageTitle":"Lazy serve: fix untracked tab bug on backwards navigation (#1522)","messageBody":"","fileTypesAndContributionMap":{"js":{"insertions":14,"deletions":29}}},{"hash":"feb60fdf7eb3c5f0c4abb0559490be45856aa456","messageTitle":"Lazy serve: Fix improper handling of incomplete active urls (#1532)","messageBody":"","fileTypesAndContributionMap":{"js":{"insertions":12,"deletions":3}}}]},{"date":"2021-04-10","commitResults":[{"hash":"1adbcb5b3bab5391e1b1801dd630d8ffa9500d7e","messageTitle":"Fix delay to return delayed function result for use (#1538)","messageBody":"","fileTypesAndContributionMap":{"js":{"insertions":1,"deletions":1}}}]},{"date":"2021-04-16","commitResults":[{"hash":"344853c2f2fad5c0f0ace921c7755ba2aed2aa4d","messageTitle":"Fix live-server to keep client on refreshcss (#1545)","messageBody":"","fileTypesAndContributionMap":{"js":{"insertions":4,"deletions":2}}}]},{"date":"2021-04-22","commitResults":[{"hash":"66597acc40dbbd1243988da8096d8261194b9352","messageTitle":"Add background build option to one-page serve (#1539)","messageBody":"Running markbind serve -o only builds pages as the user visits\r\nthose pages. As search data is populated according to built pages,\r\nit is then limited to the pages that users have visited before,\r\nrendering the search bar ineffective in live preview. Also, as\r\nserve -o builds pages on-demand, the time between page builds is not\r\neffectively utilized to build other pages.\r\n\r\nLet\u0027s add an option to serve that can utilize the time after the\r\nlanding page has been generated to do a background build of pages that\r\nare not yet built, updating the search data as it goes. Users thus get\r\nnot just the pages that they visited but also the pages that are built\r\nin the background.","fileTypesAndContributionMap":{"md":{"insertions":7,"deletions":0},"js":{"insertions":202,"deletions":45}}},{"hash":"ca6e988d91ce82896fa5522eaeb7e8c945e5efff","messageTitle":"Lazy-serve: Rebuild opened pages on add/remove page (#1550)","messageBody":"With the addition of the multi-tab development flow, single-page serve\r\ncan keep track of all opened pages instead of a single currently\r\nviewed page. This flow is already adopted in page edit events,\r\nbut it has yet to be adopted in page addition or removal.\r\n\r\nLet\u0027s adopt the multi-tab development mechanism on the page addition\u0027 +\r\nand removal flow.","fileTypesAndContributionMap":{"js":{"insertions":31,"deletions":34}}}]},{"date":"2021-06-21","commitResults":[{"hash":"62bebd20761ea4b148ea1ea0b88cf0738231dcf6","messageTitle":"Handle baseUrl in live-preview reload check (#1594)","messageBody":"In live-preview, checks are implemented to only reload pages that\r\ncorrespond to the changed file. However, the comparison used for the\r\ncheck has not taken into account the base url of the site, which\r\ncauses these checks to always fail and thus pages are not automatically\r\nreloaded.\r\n\r\nLet\u0027s add base url handling to the check, so that sites with specified\r\ncan properly benefit from the live-preview feature.","fileTypesAndContributionMap":{"js":{"insertions":12,"deletions":5}}}]}],"Kimberly":[{"date":"2021-06-26","commitResults":[{"hash":"2203e64c1d64435231fcf5e5c7e3b3d3fed5ce45","messageTitle":"Add hamburger animations to site/page nav icons (#1596)","messageBody":"","fileTypesAndContributionMap":{"vue":{"insertions":96,"deletions":13}}}]},{"date":"2021-07-03","commitResults":[{"hash":"2a246989f57a98486f3a53285cec9f14f2c5bf71","messageTitle":"Update docs to include double quotes for diagram example (#1624)","messageBody":"","fileTypesAndContributionMap":{"mbdf":{"insertions":1,"deletions":1}}}]}],"Ong Wei Xiang":[{"date":"2021-04-05","commitResults":[{"hash":"3f2d38be771afb981fa862a87142ee5bb87ca0fe","messageTitle":"Change all $slots to $scopedSlots (#1535)","messageBody":"With the update to the deprecated slot syntax in #1464, the $slots\r\nsyntax does not work as it used to anymore, possibly due to the\r\ninternal changes for slot syntax in Vue. To be specific, named slots\r\nwill always disappear from $slots upon re-rendering but will always\r\nbe present in $scopedSlots. This causes named slot content to\r\ndisappear from Vue components upon any re-rendering.\r\n\r\nLet\u0027s change all $slots syntax to $scopedSlots to prevent slot contents\r\nfrom disappearing.","fileTypesAndContributionMap":{"vue":{"insertions":19,"deletions":19},"js":{"insertions":1,"deletions":1}}}]},{"date":"2021-04-21","commitResults":[{"hash":"d6cff30e6566eadf109a7d3c2ce0ab58649b303b","messageTitle":"Fix custom components markdown parsing (#1548)","messageBody":"We have never defined the behavior of our custom components as html\r\ntags (whether block-level or inline) in markdown parsing. \r\nThis causes some undesirable edge cases during markdown parsing, as\r\nraised up in #958.\r\n\r\nLet\u0027s adopt the way VuePress define the behaviour for custom components\r\nand adapt it to fit our needs.","fileTypesAndContributionMap":{"md":{"insertions":66,"deletions":11},"js":{"insertions":438,"deletions":123},"json":{"insertions":13,"deletions":4}}}]},{"date":"2021-05-06","commitResults":[{"hash":"acec72389cca6fa2e95bce795c08f805ad531563","messageTitle":"Instantiate server Vue instance with parameters (#1563)","messageBody":"","fileTypesAndContributionMap":{"js":{"insertions":24,"deletions":106}}}]},{"date":"2021-05-30","commitResults":[{"hash":"130a32e978324041cf98bf9e9979927c96f1c9ba","messageTitle":"Fix User Guide next/prev link for tweakingThePageStructure (#1568)","messageBody":"The next link for usingHtmlJavaScriptCss is linking to\r\nusingPlugins when it should be linking to tweakingThePageStructure\r\nand the prev link for tweakingThePageStructure is linking to\r\nusingPlugins when it should be linking to usingHtmlJavaScriptCss.\r\n\r\nLet\u0027s fix the links for them accordingly.","fileTypesAndContributionMap":{"md":{"insertions":2,"deletions":2}}},{"hash":"a5802c3158b62bb650007593c8eb6cc47abdade9","messageTitle":"Hoist \u003cscript\u003e and \u003cstyle\u003e tags to after \u003cbody\u003e (#1565)","messageBody":"Our setup compiles whatever is in the content section of the page into\r\nVue application. We also do server-side rendering on the content. Within\r\nthe content section, we allow users to write \u003cscript\u003e and/or \u003cstyle\u003e\r\ntags. However, during compilation, Vue will ignore and discard these tags.\r\nFurthermore, during server-side rendering, special characters in\r\n\u003cscript\u003e tags will be escaped. While we have measures to tackle the\r\nproblems above, we should look to implement a better workaround.\r\n\r\nLet\u0027s remove the temporary measures and prevent the compilation and\r\nrendering of \u003cscript\u003e and/or \u003cstyle\u003e, by hoisting them out of the\r\ncontent section and to after \u003cbody\u003e tag.","fileTypesAndContributionMap":{"js":{"insertions":45,"deletions":65},"njk":{"insertions":2,"deletions":0}}}]},{"date":"2021-06-03","commitResults":[{"hash":"fa3fe71f527d50a819b347c061d95d2f860133be","messageTitle":"Update Developer Guide on SSR (#1570)","messageBody":"There are a few important information that contributors should\r\ntake note of regarding SSR (especially hydration issues).\r\n\r\nLet\u0027s update the developer guide to include those information.","fileTypesAndContributionMap":{"md":{"insertions":81,"deletions":0}}}]},{"date":"2021-06-06","commitResults":[{"hash":"0565e95fc903f6cd7661f947b6e596cd1a15beb6","messageTitle":"Resolve SSR Hydration Issue for Disqus plugin (#1569)","messageBody":"\u003cdisqus\u003e HTML tag is an unknown element to Vue as it is neither\r\na registered Vue component nor an official HTML element. This causes\r\nhydration issue in our SSR setup whenever the Disqus plugin is used.\r\n\r\nLet\u0027s add v-pre to the \u003cdisqus\u003e HTML tag so that Vue will ignore\r\nthe tag when compiling/rendering, thus resolving hydration issue.","fileTypesAndContributionMap":{"js":{"insertions":2,"deletions":0}}}]},{"date":"2021-06-16","commitResults":[{"hash":"78b09fafb0b51dce759170ca2c66ab22b86ddcb3","messageTitle":"Update Developer Guide on SSR based on feedback (#1573)","messageBody":"","fileTypesAndContributionMap":{"md":{"insertions":27,"deletions":7}}}]},{"date":"2021-06-19","commitResults":[{"hash":"039a0ff6ab237d34afa02ea2ff10b038a162d00e","messageTitle":"Add appFactory methods to Vue for setup without search (#1592)","messageBody":"","fileTypesAndContributionMap":{"js":{"insertions":1,"deletions":0}}}]},{"date":"2021-06-27","commitResults":[{"hash":"096598e8c5e175b1d9fe69019c30cbe3f9dd2aa6","messageTitle":"Add whitelist of tags for intra-site link validation (#1593)","messageBody":"Intra-site link validation should not validate links that are needed\nduring build time (e.g. include/panel) as they have their own\nvalidation logic already.\n\nLet\u0027s implement a whitelist of tags that we should validate.\n","fileTypesAndContributionMap":{"js":{"insertions":13,"deletions":0}}},{"hash":"95c5b06eb2b43f36f1875fdff030594b84e10851","messageTitle":"Parse \u003cmd\u003e tag in Markdown as inline (#1598)","messageBody":"","fileTypesAndContributionMap":{"md":{"insertions":3,"deletions":1},"js":{"insertions":4,"deletions":3}}}]}]},"authorFileTypeContributionMap":{"MorningLit":{"java":0,"js":0,"css":1,"json":0,"md":0,"mbd":0,"mbdf":0,"njk":0,"py":0,"vue":0,"yml":0},"Jonah Tan":{"java":0,"js":91,"css":0,"json":9,"md":7,"mbd":0,"mbdf":0,"njk":0,"py":0,"vue":2,"yml":0},"Ze Yu":{"java":0,"js":4,"css":12,"json":0,"md":6,"mbd":0,"mbdf":0,"njk":0,"py":0,"vue":0,"yml":6},"Samuel Fang":{"java":0,"js":0,"css":0,"json":0,"md":0,"mbd":0,"mbdf":1,"njk":0,"py":0,"vue":0,"yml":0},"Rayson Koh":{"java":0,"js":771,"css":0,"json":12,"md":107,"mbd":0,"mbdf":1,"njk":0,"py":0,"vue":0,"yml":0},"wxwxwxwx9":{"java":0,"js":367,"css":8,"json":11,"md":4,"mbd":0,"mbdf":0,"njk":0,"py":0,"vue":107,"yml":0},"Ang Ze Yu":{"java":0,"js":358,"css":25,"json":7,"md":11,"mbd":0,"mbdf":57,"njk":1,"py":0,"vue":141,"yml":0},"Ryo Armanda":{"java":0,"js":244,"css":0,"json":0,"md":7,"mbd":0,"mbdf":0,"njk":0,"py":0,"vue":0,"yml":0},"Kimberly":{"java":0,"js":0,"css":0,"json":0,"md":0,"mbd":0,"mbdf":1,"njk":0,"py":0,"vue":90,"yml":0},"Ong Wei Xiang":{"java":0,"js":507,"css":0,"json":13,"md":172,"mbd":0,"mbdf":0,"njk":2,"py":0,"vue":16,"yml":0}},"authorContributionVariance":{"MorningLit":0.009522929,"Jonah Tan":103.2773,"Ze Yu":211023.08,"Samuel Fang":0.038091715,"Rayson Koh":16111.733,"wxwxwxwx9":18154.459,"Ang Ze Yu":4432.5645,"Ryo Armanda":999.037,"Kimberly":113.13966,"Ong Wei Xiang":4403.8564},"authorDisplayNameMap":{"MorningLit":"MorningLit","Jonah Tan":"Jonah Tan","Ze Yu":"Ze Yu","Samuel Fang":"Samuel Fang","Rayson Koh":"Rayson Koh","wxwxwxwx9":"wxwxwxwx9","Ang Ze Yu":"Ang Ze Yu","Ryo Armanda":"Ryo Armanda","Kimberly":"Kimberly","Ong Wei Xiang":"Ong Wei Xiang"}}
