{"authorDailyContributionsMap":{"ong6":[],"riyadh-h":[],"tlylt":[{"date":"2021-08-11","commitResults":[{"hash":"c369612338ca289ffb55af8a14bee07c98bcad28","messageTitle":"Fix running functional tests in packages/cli (#1645)","messageBody":"Functional tests are failing when invoked under packages/cli.\r\n\r\nLet\u0027s set TEST_MODE \u003d true within test.js and updatetest.js to\r\noutput beautified HTML for comparison and make the tests pass again.\r\n\r\nUse of cross-env TEST_MODE\u003dtrue in package.json has been removed\r\nin favor of inline configuration.","fileTypesAndContributionMap":{"json":{"insertions":2,"deletions":2},"js":{"insertions":2,"deletions":0}}}]}],"kimberlyohq":[{"date":"2021-06-26","commitResults":[{"hash":"2203e64c1d64435231fcf5e5c7e3b3d3fed5ce45","messageTitle":"Add hamburger animations to site/page nav icons (#1596)","messageBody":"","fileTypesAndContributionMap":{"vue":{"insertions":96,"deletions":13}}}]},{"date":"2021-07-03","commitResults":[{"hash":"2a246989f57a98486f3a53285cec9f14f2c5bf71","messageTitle":"Update docs to include double quotes for diagram example (#1624)","messageBody":"","fileTypesAndContributionMap":{"mbdf":{"insertions":1,"deletions":1}}}]},{"date":"2021-07-17","commitResults":[{"hash":"b979491b0702b0a364823a933050c651183d73fd","messageTitle":"Adopt lazy loading for Pic component (#1626)","messageBody":"","fileTypesAndContributionMap":{"mbdf":{"insertions":6,"deletions":1},"vue":{"insertions":8,"deletions":0}}}]}]},"authorFileTypeContributionMap":{"ong6":{"java":0,"js":0,"css":0,"json":0,"md":0,"mbd":0,"mbdf":0,"njk":0,"py":0,"vue":0,"yml":0},"riyadh-h":{"java":0,"js":0,"css":0,"json":0,"md":0,"mbd":0,"mbdf":0,"njk":0,"py":0,"vue":0,"yml":0},"tlylt":{"java":0,"js":2,"css":0,"json":2,"md":0,"mbd":0,"mbdf":0,"njk":0,"py":0,"vue":0,"yml":0},"kimberlyohq":{"java":0,"js":0,"css":0,"json":0,"md":0,"mbd":0,"mbdf":6,"njk":0,"py":0,"vue":101,"yml":0}},"authorContributionVariance":{"ong6":0.0,"riyadh-h":0.0,"tlylt":0.34948096,"kimberlyohq":117.19973},"authorDisplayNameMap":{"ong6":"ONG ..IONG","riyadh-h":"ALZA..AN S","tlylt":"LIU ..IANG","kimberlyohq":"KIMB.. ONG"}}
