{"authorDailyContributionsMap":{"kimberlyohq":[{"date":"2021-06-26","commitResults":[{"hash":"2203e64c1d64435231fcf5e5c7e3b3d3fed5ce45","messageTitle":"Add hamburger animations to site/page nav icons (#1596)","messageBody":"","fileTypesAndContributionMap":{"vue":{"insertions":96,"deletions":13}}}]},{"date":"2021-07-03","commitResults":[{"hash":"2a246989f57a98486f3a53285cec9f14f2c5bf71","messageTitle":"Update docs to include double quotes for diagram example (#1624)","messageBody":"","fileTypesAndContributionMap":{"mbdf":{"insertions":1,"deletions":1}}}]}]},"authorFileTypeContributionMap":{"kimberlyohq":{"java":0,"js":0,"css":0,"json":0,"md":0,"mbd":0,"mbdf":1,"njk":0,"py":0,"vue":90,"yml":0}},"authorContributionVariance":{"kimberlyohq":126.371155},"authorDisplayNameMap":{"kimberlyohq":"KIMB.. ONG"}}
