{"authorDailyContributionsMap":{"ong6":[{"date":"2021-08-15","commitResults":[{"hash":"b73392425a6560f8a0abf60c2daa618619d8b6f9","messageTitle":"Add colour customization to the box component (#1647)","messageBody":"","fileTypesAndContributionMap":{"mbdf":{"insertions":36,"deletions":0},"vue":{"insertions":15,"deletions":67},"js":{"insertions":71,"deletions":0}}}]}],"riyadh-h":[],"tlylt":[{"date":"2021-08-11","commitResults":[{"hash":"c369612338ca289ffb55af8a14bee07c98bcad28","messageTitle":"Fix running functional tests in packages/cli (#1645)","messageBody":"Functional tests are failing when invoked under packages/cli.\r\n\r\nLet\u0027s set TEST_MODE \u003d true within test.js and updatetest.js to\r\noutput beautified HTML for comparison and make the tests pass again.\r\n\r\nUse of cross-env TEST_MODE\u003dtrue in package.json has been removed\r\nin favor of inline configuration.","fileTypesAndContributionMap":{"json":{"insertions":2,"deletions":2},"js":{"insertions":2,"deletions":0}}}]},{"date":"2021-08-19","commitResults":[{"hash":"3f504305f613e2d181fb9c4e6350244fe2554ee2","messageTitle":"Update Commander.js version (#1650)","messageBody":"Some part of the existing cli code was written to patch behaviors\r\npreviously unsupported by Commander.js. The setting of custom\r\nheader and modification to help text is now possible with newer\r\nversion of Commander.js.\r\n\r\nLet\u0027s update the version to \"^8.1.0\" to make use of the added functions.","fileTypesAndContributionMap":{"js":{"insertions":4,"deletions":32},"json":{"insertions":1,"deletions":1}}}]},{"date":"2021-08-26","commitResults":[{"hash":"1b9b777aaead2e073ba08a7405edba578912a84a","messageTitle":"Fix bug-report issue template file path (#1658)","messageBody":"The file path to `bugs/index.md` is outdated.\r\n\r\nLet\u0027s fix it by updating the path in the bug-report issue template.","fileTypesAndContributionMap":{"md":{"insertions":1,"deletions":1}}},{"hash":"8c5ab8b2aef3e09d4556e836ec534783889349cb","messageTitle":"Update workflow dev docs (#1659)","messageBody":"The workflow guide contains broken links to the design section. The\r\ninstruction on how to manage dependencies is not comprehensive.\r\n\r\nLet\u0027s fix the broken links and include more details on how to add,\r\nupdate, or delete a dependency.","fileTypesAndContributionMap":{"md":{"insertions":8,"deletions":4}}}]}],"kimberlyohq":[{"date":"2021-06-26","commitResults":[{"hash":"2203e64c1d64435231fcf5e5c7e3b3d3fed5ce45","messageTitle":"Add hamburger animations to site/page nav icons (#1596)","messageBody":"","fileTypesAndContributionMap":{"vue":{"insertions":96,"deletions":13}}}]},{"date":"2021-07-03","commitResults":[{"hash":"2a246989f57a98486f3a53285cec9f14f2c5bf71","messageTitle":"Update docs to include double quotes for diagram example (#1624)","messageBody":"","fileTypesAndContributionMap":{"mbdf":{"insertions":1,"deletions":1}}}]},{"date":"2021-07-17","commitResults":[{"hash":"b979491b0702b0a364823a933050c651183d73fd","messageTitle":"Adopt lazy loading for Pic component (#1626)","messageBody":"","fileTypesAndContributionMap":{"mbdf":{"insertions":6,"deletions":1},"vue":{"insertions":8,"deletions":0}}}]}]},"authorFileTypeContributionMap":{"ong6":{"java":0,"js":71,"css":0,"json":0,"md":0,"mbd":0,"mbdf":36,"njk":0,"py":0,"vue":15,"yml":0},"riyadh-h":{"java":0,"js":0,"css":0,"json":0,"md":0,"mbd":0,"mbdf":0,"njk":0,"py":0,"vue":0,"yml":0},"tlylt":{"java":0,"js":6,"css":0,"json":3,"md":9,"mbd":0,"mbdf":0,"njk":0,"py":0,"vue":0,"yml":0},"kimberlyohq":{"java":0,"js":0,"css":0,"json":0,"md":0,"mbd":0,"mbdf":6,"njk":0,"py":0,"vue":101,"yml":0}},"authorContributionVariance":{"ong6":340.16833,"riyadh-h":0.0,"tlylt":15.804363,"kimberlyohq":114.97446},"authorDisplayNameMap":{"ong6":"ONG ..IONG","riyadh-h":"ALZA..AN S","tlylt":"LIU ..IANG","kimberlyohq":"KIMB.. ONG"}}
