{"authorDailyContributionsMap":{"tlhuynh":[{"date":"2021-04-09","commitResults":[{"hash":"f7033a3d59897d2d18b383d06918bb7269054a1c","messageTitle":"[#11085] Instructor edit questions: tweak option order for generating answers from teams (#11092)","messageBody":"* Tweaked options order for issue 11085\r\n\r\n* Clean up to meet lint req\r\n\r\n* Revert package-lock.json\r\n\r\n* Revert angular.json\r\n\r\n* Remove .vscode\r\n\r\n* Add line breaks and reorder options into groups\r\n\r\n* Add trailling comma to meet lint req\r\n\r\n* Remove .vscode/ from .gitignore\r\n\r\n* Reorder options\r\n\r\nCo-authored-by: dao ngoc hieu \u003c53283766+daongochieu2810@users.noreply.github.com\u003e","fileTypesAndContributionMap":{"ts":{"insertions":18,"deletions":8}}}]}],"Ahmed":[],"Mo Zongran":[{"date":"2021-05-22","commitResults":[{"hash":"8a57df33fd46774644c9d6cdae3ee84c71ab9ecb","messageTitle":"[#10612] Improve Mobile UI (#10689)","messageBody":"* Remove redundant padding in mobile view\r\n\r\n* Move text on top of page to popup modal\r\n\r\n* Replace rich text with textarea in mobile view\r\n\r\n* Fix lint\r\n\r\n* Change text editor UI\r\n\r\n* Add condition for modal popup when session is not open\r\n\r\n* Add mobile invisible class to redundant line break\r\n\r\n* Fix lint\r\n\r\n* Move mobile submission modal to after question load\r\n\r\n* WIP\r\n\r\n* Fix lint\r\n\r\n* Remove resize event\r\n\r\n* Retain toolbar\r\n\r\n* Name magic number with description\r\n\r\nCo-authored-by: Zongran Mo \u003czongran.mo@shopee.com\u003e\r\nCo-authored-by: Ahmed Bahajjaj \u003cAhmed_Bahajjaj@u.nus.edu\u003e","fileTypesAndContributionMap":{"scss":{"insertions":28,"deletions":3},"html":{"insertions":8,"deletions":8},"ts":{"insertions":17,"deletions":4}}}]},{"date":"2021-05-28","commitResults":[{"hash":"fe429f1597b90bdc489e29953dd141afafc367be","messageTitle":"[#11144] Update session link recovery search duration (#11155)","messageBody":"Co-authored-by: Ahmed Bahajjaj \u003cAhmed_Bahajjaj@u.nus.edu\u003e","fileTypesAndContributionMap":{"java":{"insertions":3,"deletions":1},"html":{"insertions":1,"deletions":1}}},{"hash":"2f0aa5aa4e24274e94113cf54ad725edcb892934","messageTitle":"[#10621] Add per receipient overall stats to weighted rubric (#10783)","messageBody":"* Add per receipient overall stats to weighted rubric\r\n\r\n* Add a breakdown for weighted rubric average\r\n\r\n* Add csv output\r\n\r\n* Update snapshot\r\n\r\n* Update e2e test and html tag id\r\n\r\nCo-authored-by: Ahmed Bahajjaj \u003cAhmed_Bahajjaj@u.nus.edu\u003e","fileTypesAndContributionMap":{"java":{"insertions":17,"deletions":6},"html":{"insertions":21,"deletions":4},"ts":{"insertions":61,"deletions":8}}}]},{"date":"2021-05-29","commitResults":[{"hash":"6a5a86db8a1ba9f0ff2ad93dca4bce8cfed91bcd","messageTitle":"[#11071] Return HasResponses for all sessions in a course to reduce QPS (#11077)","messageBody":"* Update HasResponsesData to return info about all sessions in course\r\n\r\n* Optimize check for presence of questions with key only query\r\n\r\n* Add verification for all sessions in course\r\n\r\n* Update hasResponse frontend checking logic for modal popup\r\n\r\n* Invert session question checking condition\r\n\r\n* Skip invisible sessions\r\n\r\n* Update name and doc\r\n\r\n* Update frontend code naming\r\n\r\n* Fix lint\r\n\r\n* Add single entry has responses\r\n\r\n* Refactor GetHasResponseAction to reduce arrow anti-pattern\r\n\r\n* Check API output has all sessions before doing any processing\r\n\r\n* Add FE tests - error shown if API does not return all sessions present in table\r\n\r\n* Add BE tests - check output is as intended when feedback session name is not given\r\n\r\n* BE test - linting, update import order\r\n\r\nCo-authored-by: dao ngoc hieu \u003c53283766+daongochieu2810@users.noreply.github.com\u003e\r\nCo-authored-by: Rahul Rajesh \u003crahul.rajesh.bhat@gmail.com\u003e","fileTypesAndContributionMap":{"java":{"insertions":187,"deletions":43},"ts":{"insertions":150,"deletions":33}}}]},{"date":"2021-06-21","commitResults":[{"hash":"524f88c92c5578b58a57857f1e0bd9c25bbf607b","messageTitle":"[#11196] Fix incorrect display of average value for rubric question stats (#11200)","messageBody":"* Hot fix: fix incorrect display of average value for rubric question stats\r\n\r\n* Hot fix: handle 0 answered question\r\n\r\n* Update calculation for Rubric Questions to use the calculateStatistics method\r\n\r\n* Update snapshots for new logic\r\n\r\nCo-authored-by: rrtheonlyone \u003crahul.rajesh.bhat@gmail.com\u003e","tags":["V7.17.1"],"fileTypesAndContributionMap":{"ts":{"insertions":14,"deletions":19}}}]}],"xyzhang":[{"date":"2021-07-04","commitResults":[{"hash":"53aa86b20ed3220cfe5df97df33c88f576bb69a9","messageTitle":"[#11205] Fix for Checkbox not aligned with text when choosing from template question (#11214)","messageBody":"* Align checkbox with text when choosing from template question\r\n\r\n* Adjust margins\r\n\r\nCo-authored-by: xyzhang00 \u003c\u003e\r\nCo-authored-by: Rahul Rajesh \u003crahul.rajesh.bhat@gmail.com\u003e","fileTypesAndContributionMap":{"scss":{"insertions":4,"deletions":0},"html":{"insertions":1,"deletions":1}}}]},{"date":"2021-07-06","commitResults":[{"hash":"6600d3e52df95f602077450a605cf6ab743d5bea","messageTitle":"[#11237] Feedback session table doesn\u0027t differentiate grace period and open status (#11250)","messageBody":"* Add description for grace period sessions\r\n\r\n* Edit grace period status display\r\n\r\n* Minor changes to tooltip\r\n\r\n* Minor changes to tooltip\r\n\r\n* Add comma\r\n\r\n* Minor changes to tooltips\r\n\r\nCo-authored-by: xyzhang00 \u003c\u003e","fileTypesAndContributionMap":{"ts":{"insertions":7,"deletions":2}}}]}],"wuqirui":[{"date":"2021-05-30","commitResults":[{"hash":"2426a19d05957377543b00a079cdbab9b6e29577","messageTitle":"[#10481] Remove video tour on home page (#11140)","messageBody":"* Remove video tour on home page\r\n\r\n* Change class name to be less generic\r\n\r\nCo-authored-by: Rahul Rajesh \u003crahul.rajesh.bhat@gmail.com\u003e","fileTypesAndContributionMap":{"scss":{"insertions":5,"deletions":0},"html":{"insertions":1,"deletions":6}}}]},{"date":"2021-06-12","commitResults":[{"hash":"38e2f90383157ee4cd2142a6aac26efa9d1ae288","messageTitle":"[#1501] Add unit test for FeedbackContributionQuestionDetail (#11130)","messageBody":"* Add unit test for FeedbackContributionQuestionDetails\r\n\r\n* Fix tValidateGiverRecipientVisibility\r\n\r\n* Fix import packages\r\n\r\n* Fix checkstyle problems\r\n\r\n* Fix checkstyle problem for import order\r\n\r\n* Add unit test for FeedbackContributionQuestionDetails\r\n\r\n* Add more testcases for ValidateGiverRecipientVisibility and fix typo\r\n\r\n* Add tests for GetQuestionResultStatisticsJson\r\n\r\n* Update expected result of testcase\r\n\r\n* Add tests for fallback giverType, recipientType and showResponseTo\r\n\r\nCo-authored-by: Rahul Rajesh \u003crahul.rajesh.bhat@gmail.com\u003e\r\nCo-authored-by: Mo Zongran \u003cmozongran@gmail.com\u003e","fileTypesAndContributionMap":{"java":{"insertions":602,"deletions":0}}}]},{"date":"2021-06-13","commitResults":[{"hash":"4d525c50f8f91383604ab8eb9fd3fa70c952ae06","messageTitle":"[#10449] Tweak layout for team contribution question (#11186)","messageBody":"* Remove video tour on home page\r\n\r\n* Change class name to be less generic\r\n\r\n* Tweak layout for team contribution question\r\n\r\nCo-authored-by: Rahul Rajesh \u003crahul.rajesh.bhat@gmail.com\u003e","fileTypesAndContributionMap":{"scss":{"insertions":12,"deletions":0},"html":{"insertions":3,"deletions":3}}}]},{"date":"2021-06-26","commitResults":[{"hash":"22fc6390112871f0fd08f610791625baef17d572","messageTitle":"[#10682] Instructor copying sessions: show spinner while copying is in progress (#10893)","messageBody":"* Add spinner for copy button\r\n\r\n* Fix syntax error\r\n\r\n* Change finish time of loading spinner and its style\r\n\r\n* Move loading spinner in front of icon in copy button\r\n\r\n* Remove redundant attribute for loading spinner\r\n\r\n* Attempt to fix check problem\r\n\r\n* Attempt to fix check problem\r\n\r\n* Attempt to fix travis error\r\n\r\n* Attempt to fix travis error\r\n\r\n* Last time testing\r\n\r\n* Resolve merge conflicts\r\n\r\n* Fix spinner is still spinning after error and exiting copying\r\n\r\n* Fix checkstyle problem\r\n\r\nCo-authored-by: Rahul Rajesh \u003crahul.rajesh.bhat@gmail.com\u003e","fileTypesAndContributionMap":{"ts":{"insertions":12,"deletions":2}}},{"hash":"607889e0082902a2e8b915275ae040b8715bc134","messageTitle":"Add functions to catch uncaught promise (#11189)","messageBody":"Co-authored-by: Rahul Rajesh \u003crahul.rajesh.bhat@gmail.com\u003e","fileTypesAndContributionMap":{"ts":{"insertions":3,"deletions":3}}},{"hash":"1ccb2419496c37b87b9a2fcb5074da73fa39ccda","messageTitle":"[#1501] Add tests for feedback text question (#11187)","messageBody":"* Create unit test for FeedbackTextQuestionDetails\r\n\r\n* Fix checkstyle problem\r\n\r\n* Update according to suggestion\r\n\r\n* Replace variable with number directly\r\n\r\nCo-authored-by: Rahul Rajesh \u003crahul.rajesh.bhat@gmail.com\u003e","fileTypesAndContributionMap":{"java":{"insertions":84,"deletions":0}}}]}],"Teik Jun":[{"date":"2021-04-13","commitResults":[{"hash":"837f1d1f493c97a0a461ae99dc77ac78bae2df52","messageTitle":"[#11030] Batch download for session-table component (#11066)","messageBody":"* Set up services\r\n\r\n* Process download in batches partitioned by questionId\r\n\r\n* Refactor and fix lint issues\r\n\r\n* Refactor code\r\n\r\n* Update snapshot test for instructor-home-page component\r\n\r\n* Make requested changes\r\n\r\n* Fix lint issues\r\n\r\n* Use outputData length instead of counter\r\n\r\n* Add type definition to variable\r\n\r\n* Add newline\r\n\r\nCo-authored-by: Ahmed Bahajjaj \u003cAhmed_Bahajjaj@u.nus.edu\u003e","fileTypesAndContributionMap":{"ts":{"insertions":84,"deletions":21}}}]}],"priscilla":[{"date":"2021-07-04","commitResults":[{"hash":"71a84ebf739a14bbfd75ed2b8973f8752f853535","messageTitle":"[#11148] Instructor home page: tweak session status tooltips (#11223)","messageBody":"* Edit tooltips\r\n\r\n* Add break\r\n\r\n* Add space\r\n\r\n* Edit not-visible tooltip based on comment\r\n\r\n* Edit tooltips\r\n\r\n* Put more important part of tooltip first\r\n\r\n* Fix Consecutive blank lines\r\n\r\n* Change students to respondents in both tooltips","fileTypesAndContributionMap":{"ts":{"insertions":15,"deletions":9}}}]}],"Ahmed Bahajjaj":[],"Syasya Azman":[],"Derek-Hardy":[{"date":"2021-06-06","commitResults":[{"hash":"64e9e2107d1060d9010040f72fe32f758b0ea33a","messageTitle":"[#10955] Initial Objectify upgrade from v5 to v6 (#10956)","messageBody":"* update objectify dependency to v6 and fix initial build issues\r\n\r\n* reset localhost port to default\r\n\r\n* updated cloud datastore cursor api for v6\r\n\r\n* add missing Objectify.init() in base test case\r\n\r\n* add project id information into Objectify.init()\r\n\r\n* fixed wrong order from auto import\r\n\r\n* include localDatastoreHelper test config\r\n\r\n* fixed deleteEntity key id compatibility to v6\r\n\r\n* updated e2e test setup for local datastore helper\r\n\r\n* remove local datastore service test config\r\n\r\n* remove not equal DB operation\r\n\r\n* added local datastore helper for e2e testing\r\n\r\n* Generate legacy key format consistent with the old appengine SDK\r\n\r\n* moved localDatastoreHelper setup from OfyHelper to base test case\r\n\r\n* moved datastore port config to build.template.properties\r\n\r\n* improved on documentation\r\n\r\n* refactored emulator port config\r\n\r\nCo-authored-by: jianhandev \u003cjianhanli.dev@gmail.com\u003e","fileTypesAndContributionMap":{"java":{"insertions":89,"deletions":28}}},{"hash":"6bded8ba43f68f0ebd9126cee25d5128a0e09e8f","messageTitle":"[#11002] Separate emulator ports and include its setup into CI for tests (#11028)","messageBody":"","fileTypesAndContributionMap":{"java":{"insertions":17,"deletions":2}}},{"hash":"b23e56e666e03b60ade6649769b7971c9d782ef8","messageTitle":"[#10955] Add documentation for Datastore emulator and Solr setup (#10958)","messageBody":"","tags":["V8.0.0-beta.0"],"fileTypesAndContributionMap":{"md":{"insertions":87,"deletions":13}}}]}],"ypinhsuan":[{"date":"2021-05-22","commitResults":[{"hash":"cc55cbcf35a24b4b9e14574b80c220b3d19b35da","messageTitle":"[#2673] Student: view responses: show response statistics of \u0027constant sum\u0027 questions (#11136)","messageBody":"* Display statistics of \u0027constant sum\u0027 questions to students\r\n\r\n* Fix lint check\r\n\r\nCo-authored-by: Ahmed Bahajjaj \u003cAhmed_Bahajjaj@u.nus.edu\u003e","fileTypesAndContributionMap":{"html":{"insertions":6,"deletions":8},"ts":{"insertions":4,"deletions":1}}},{"hash":"e8c98dfd14a94d16607669e4eaeaf3b2a96580b9","messageTitle":"[#11124] Instructor downloading session results: course/session details are repeated for each question (#11129)","messageBody":"* Fixed duplicate course ID and session name in CSV files bug\r\n\r\n* Fix bug in instructor session result page\r\n\r\nCo-authored-by: Ahmed Bahajjaj \u003cAhmed_Bahajjaj@u.nus.edu\u003e","fileTypesAndContributionMap":{"ts":{"insertions":6,"deletions":3}}}]},{"date":"2021-05-29","commitResults":[{"hash":"b4faf64e84258523a37e628ffda4dacb35629362","messageTitle":"[#11103] Audit logs: right-align timestamps (#11133)","messageBody":"* Make timestamps right aligned\r\n\r\n* Fix a minor bug\r\n\r\n* Change to monospace font\r\n\r\n* Change to typescript string type\r\n\r\nCo-authored-by: Rahul Rajesh \u003crahul.rajesh.bhat@gmail.com\u003e","fileTypesAndContributionMap":{"html":{"insertions":1,"deletions":1},"ts":{"insertions":11,"deletions":1}}}]},{"date":"2021-06-05","commitResults":[{"hash":"71159e359763d78a461ff8351d82cfe0d347a6fe","messageTitle":"[#11139] Support tracking of result view by instructors (#11158)","messageBody":"* Add routing and search forms\r\n\r\n* Add table for displaying results and create logs when student view the result page\r\n\r\n* Add dialog for feedback session published more than 30 days ago\r\n\r\n* Handle the case where feedback session is not published\r\n\r\n* Made some minor changes to UI\r\n\r\n* Improve coding style. Remove view responses from audit logs page.\r\n\r\n* Add frontend test\r\n\r\n* Apply suggestions from code review\r\n\r\n* Change VIEW to VIEW_RESULT","fileTypesAndContributionMap":{"java":{"insertions":21,"deletions":10},"scss":{"insertions":7,"deletions":0},"html":{"insertions":46,"deletions":1},"ts":{"insertions":675,"deletions":23}}}]},{"date":"2021-06-06","commitResults":[{"hash":"2035f5eab0ed1dd6a428f31632b91c614a9ae534","messageTitle":"[#10597] Instructor edit session page: page refreshes by itself on first loading (#11172)","messageBody":"* Remove editSession and editSessionEventHandle for instructor\r\n\r\n* Remove editSessionEvent in sessions-table.component.ts\r\n\r\nCo-authored-by: PHONG BACH \u003cphongnghinhbach@gmail.com\u003e\r\nCo-authored-by: Ni Tianzhen \u003cnitianzhen1210@gmail.com\u003e\r\nCo-authored-by: Rahul Rajesh \u003crahul.rajesh.bhat@gmail.com\u003e","fileTypesAndContributionMap":{"html":{"insertions":3,"deletions":3},"ts":{"insertions":0,"deletions":27}}}]},{"date":"2021-06-13","commitResults":[{"hash":"0cac267b4a55ce18341a33d9740f57d340aa16d5","messageTitle":"[#11182] Proof-of-submission file: Add a warning if no answers were saved (#11184)","messageBody":"* Disable download button if responses are not saved\r\n\r\n* Allow download is partial saving is done. Display error message in proof of submission for unsaved questions.\r\n\r\n* Update the error message displayed to users in dialog box and proof of submission\r\n\r\n* Remove unnecessary fields\r\n\r\nCo-authored-by: Rahul Rajesh \u003crahul.rajesh.bhat@gmail.com\u003e","fileTypesAndContributionMap":{"html":{"insertions":8,"deletions":4},"ts":{"insertions":12,"deletions":5}}}]}],"Wilson Kurniawan":[{"date":"2021-03-27","commitResults":[{"hash":"be302ada030754fc36e1baaaa829a1749684c0b0","messageTitle":"[#11020] Remove searching response comments related features and search box at home page (#11060)","messageBody":"* Remove searching response comments feature\r\n\r\n* Remove search box in home page\r\n\r\n* Add phrases to indicate that only students are searchable","fileTypesAndContributionMap":{"java":{"insertions":20,"deletions":1566},"scss":{"insertions":0,"deletions":15},"html":{"insertions":7,"deletions":103},"ts":{"insertions":15,"deletions":188}}}]},{"date":"2021-05-16","commitResults":[{"hash":"3f0978995c4451102d1c062c1913386f913553db","messageTitle":"[#11093] UnauthorizedAccessException should be a checked exception (#11094)","messageBody":"* Make UnauthorizedAccessException a checked exception\r\n\r\n* Fix misplaced access control checks\r\n\r\n* Move masquerade mode allowed check to checkAccessControl\r\n\r\n* Fix some wrong usage of request body parameter for API testing\r\n\r\nCo-authored-by: Rahul Rajesh \u003crahul.rajesh.bhat@gmail.com\u003e","fileTypesAndContributionMap":{"java":{"insertions":184,"deletions":152}}}]},{"date":"2021-06-06","commitResults":[{"hash":"8cba5ab5bbb877f6f0de538620dcc41e29e658e9","messageTitle":"[#10955] Remove all references to internal Datastore API usage (#11046)","messageBody":"* Implement connection to Datastore service\r\n\r\n* Remove usage of Remote API\r\n\r\n* Standardize project name\r\n\r\n* Remove remaining traces of internal Datastore API usage\r\n\r\n* Increase time limit threshold for results API L\u0026P test","fileTypesAndContributionMap":{"java":{"insertions":17,"deletions":40}}},{"hash":"0df8ddf1f5b12138c606bdec7b4a0ac2a13ab584","messageTitle":"[#11065] Remove usage of App Engine Mail API (#11068)","messageBody":"","fileTypesAndContributionMap":{"java":{"insertions":56,"deletions":123},"md":{"insertions":2,"deletions":6}}},{"hash":"74719b847be5691c84e9d416d10fbbe32408bd2d","messageTitle":"[#11079] Migrate remaining usages of internal App Engine APIs (#11081)","messageBody":"* Modify implementation of Config.getBaseAppUrl\r\n\r\n* Modify implementation of Config.isDevServer\r\n\r\n* Modify implementation of DatastoreBackupAction\r\n\r\n* Modify implementation of Config.getRequestId\r\n\r\n* Remove DeadlineExceededException","fileTypesAndContributionMap":{"java":{"insertions":37,"deletions":84}}},{"hash":"b5e0a886f04de768fc9e9e282b0382c7e26138e7","messageTitle":"[#11020] Make search service optional and remove App Engine Search API usage (#11067)","messageBody":"","fileTypesAndContributionMap":{"java":{"insertions":409,"deletions":787}}},{"hash":"c8c0f25f9c31ee667cfbbc2ee09a84f7382c7dab","messageTitle":"[#11018] Implement Google OAuth 2.0 to replace Users API (#11073)","messageBody":"","fileTypesAndContributionMap":{"java":{"insertions":501,"deletions":224},"md":{"insertions":3,"deletions":11},"html":{"insertions":21,"deletions":0}}},{"hash":"19ba14e4d1f88101b2ba0d298ff4beddcdfb4e63","messageTitle":"[#11080] Support initial deployment to Java 11 runtime (#11106)","messageBody":"","fileTypesAndContributionMap":{"java":{"insertions":227,"deletions":258},"md":{"insertions":20,"deletions":93}}},{"hash":"2fb92009d180b500812b868c0a99aadf7ef57fa4","messageTitle":"[#11119] Replace Assumption class with standard assertions with -ea flag (#11132)","messageBody":"","fileTypesAndContributionMap":{"java":{"insertions":554,"deletions":745}}},{"hash":"7cfbd1b1ccf1cde294c6f5a24eeb3a00bfd3d02b","messageTitle":"[#11120] [#11121] Implement HTTP request interceptor and structured logging (#11160)","messageBody":"* Replace Config.getRequestId with tracing function with ThreadLocal\r\n\r\n* Replace DeadlineExceededException with self-maintained timer\r\n\r\n* Include automated request endpoints in origin check configuration\r\n\r\n* Incorporate structured logging to enable grouping of logs","fileTypesAndContributionMap":{"java":{"insertions":285,"deletions":28}}}]},{"date":"2021-06-20","commitResults":[{"hash":"bcc88975489bf9184246f9079b5b31df8efab53d","messageTitle":"[#11180] Convert event-based log message to structured logs (#11181)","messageBody":"* Add capability to log particular event with structured details\r\n\r\n* Implement logging for request received\r\n\r\n* Implement logging for response dispatched\r\n\r\n* Implement logging for email sent\r\n\r\n* Convert key-multivalue to key-value if there is only single value\r\n\r\n* Add more details in event log message\r\n\r\n* Incorporate structured logging to feedback session audit logs feature\r\n\r\n* Move response headers setting to parent filter\r\n\r\n* Move conversion of trace/span ID to parent filter\r\n\r\n* Show email type when logging EMAIL_SENT","fileTypesAndContributionMap":{"java":{"insertions":313,"deletions":170}}}]},{"date":"2021-06-27","commitResults":[{"hash":"7b6057b03851f8f716592ab868fefb74e0718e2f","messageTitle":"[#11206] Remove admin information from user cookie (#11207)","messageBody":"* Move isAdmin setting to strictly using APP_ADMINS value\r\n\r\n* Remove usage of sign in as administrator checkbox\r\n\r\n* Remove admin field from login cookie\r\n\r\n* Use proper user login instead of admin masquerade for E2E tests","fileTypesAndContributionMap":{"java":{"insertions":132,"deletions":156},"md":{"insertions":2,"deletions":3},"html":{"insertions":0,"deletions":4}}},{"hash":"9bf9c078ec2488918b9e44d608b186a21333406b","messageTitle":"[#11080] Initial fixes for V8 (#11228)","messageBody":"","tags":["V8.0.0-beta.1"],"fileTypesAndContributionMap":{"java":{"insertions":169,"deletions":5},"md":{"insertions":0,"deletions":1},"html":{"insertions":0,"deletions":15}}}]}],"Lye Yi Xian":[{"date":"2021-05-16","commitResults":[{"hash":"b335c24b3cc223775df8c5320c4648c1a07ce825","messageTitle":"[#11087] Instructor deleting all students: show a spinner (#11114)","messageBody":"* Adds a spinner when instructor is deleting all students under course details.\r\n\r\n* Update snapshots\r\n\r\nCo-authored-by: Rahul Rajesh \u003crahul.rajesh.bhat@gmail.com\u003e","fileTypesAndContributionMap":{"html":{"insertions":2,"deletions":1},"ts":{"insertions":4,"deletions":0}}}]},{"date":"2021-05-17","commitResults":[{"hash":"5860891af24fba934e965b560a0f68504c553865","messageTitle":"[#11127] Feedback path for new question not inheriting respondent number (#11128)","messageBody":"* Update instrutor edit session page\u0027s question to inherit respondent number from previous question\r\n\r\n* Remove unnecessary formatting.\r\n\r\n* Fix lint check error: Exceeds maximum line length of 120\r\n\r\nCo-authored-by: Ahmed Bahajjaj \u003cAhmed_Bahajjaj@u.nus.edu\u003e","fileTypesAndContributionMap":{"ts":{"insertions":4,"deletions":0}}}]},{"date":"2021-07-04","commitResults":[{"hash":"eaf7e68770da946f26e1d3ef6509e634fe5575b8","messageTitle":"[#11227] Instructor home page: show spinner while copying sessions (#11247)","messageBody":"","fileTypesAndContributionMap":{"html":{"insertions":1,"deletions":1},"ts":{"insertions":21,"deletions":18}}}]},{"date":"2021-07-05","commitResults":[{"hash":"14fa4ef7e8afc3874c29dd88abd5a4817ea2226f","messageTitle":"[#10569] Loading icons bugs for Session Edit Form (Copy Button) (#11218)","messageBody":"* Fixes bug of loading icon persisting in session edit form.\r\n\r\n* Reverts previous changes. Pipe the requestList before passing it into copySingleSession function.\r\n\r\nRemove redundant code.\r\n\r\n* Revert changes to removal of redundant code.\r\n\r\n* Removes loading icon after pressing the copy button before really copying the data","fileTypesAndContributionMap":{"ts":{"insertions":4,"deletions":13}}}]}],"Rahul Rajesh":[{"date":"2021-05-22","commitResults":[{"hash":"fc268d5a6d03f53833171587484b7158f835b04a","messageTitle":"[#10851] Ensure editing email does not trigger EnrollException (#10856)","messageBody":"* push a simple fix for this issue\r\n\r\n* update linting\r\n\r\nCo-authored-by: Ahmed Bahajjaj \u003cAhmed_Bahajjaj@u.nus.edu\u003e","fileTypesAndContributionMap":{"java":{"insertions":6,"deletions":0}}}]}],"Adithya Narayan":[{"date":"2021-04-05","commitResults":[{"hash":"4fc9292ed7e049b87b0cbcab4b2949e6501fc35f","messageTitle":"[#10950] Add base files for audit logs backend (#10978)","messageBody":"Co-authored-by: Adithya Narayan Rangarajan Sreenivasan \u003ce0426343@u.nus.edu\u003e\n","fileTypesAndContributionMap":{"java":{"insertions":118,"deletions":0}}},{"hash":"0dfc6b3cd7a9960939b1f425130055a173c2ade0","messageTitle":"[#10950] Track student feedback session in frontend (#11005)","messageBody":"* Add tracking to frontend\n\n* Fix test case for log service\n\n* Fix lint\n\n* Add fsname to params\n\n* Shift log creation to loadPersonName\n\nCo-authored-by: Adithya Narayan Rangarajan Sreenivasan \u003ce0426343@u.nus.edu\u003e\n","fileTypesAndContributionMap":{"java":{"insertions":27,"deletions":0},"ts":{"insertions":82,"deletions":1}}},{"hash":"2ad34f9ed152e50b4358042b80267010499dc68b","messageTitle":"[#11042] Fix label to record student email (#11062)","messageBody":"","fileTypesAndContributionMap":{"ts":{"insertions":1,"deletions":1}}}]},{"date":"2021-05-22","commitResults":[{"hash":"5239f2a051c7485d17dd2c3d2de33901ca8c5b69","messageTitle":"[#10920] Improve Front-End Testing for Course Edit Page (#10926)","messageBody":"* Add unit and snapshot tests for Course Edit Page\r\n\r\n* Remove unnecessary spy\r\n\r\n* Move test data to global const\r\n\r\n* Add instructor test data\r\n\r\n* Add test for instructor creation\r\n\r\n* Fix lint\r\n\r\n* Add test for re-sending instructor invite email\r\n\r\nCo-authored-by: Adithya Narayan Rangarajan Sreenivasan \u003ce0426343@u.nus.edu\u003e","fileTypesAndContributionMap":{"ts":{"insertions":310,"deletions":4}}}]},{"date":"2021-05-28","commitResults":[{"hash":"2cef9959e17cff97948af6349cbe05d2b390844b","messageTitle":"[#10969] E2E tests for Audit Logs (#11095)","messageBody":"* Add e2e tests\r\n\r\n* Fix lint\r\n\r\n* Add in-memory logs for LocalLoggingService\r\n\r\n* Update tests with stub service\r\n\r\n* Fix lint\r\n\r\n* Fix error in test data\r\n\r\n* Update timezone database to 2021a\r\n\r\n* Replace try catch block with forEach\r\n\r\n* Revert timezone database update\r\n\r\nCo-authored-by: Adithya Narayan Rangarajan Sreenivasan \u003ce0426343@u.nus.edu\u003e\r\nCo-authored-by: dao ngoc hieu \u003c53283766+daongochieu2810@users.noreply.github.com\u003e\r\nCo-authored-by: Ahmed Bahajjaj \u003cAhmed_Bahajjaj@u.nus.edu\u003e","fileTypesAndContributionMap":{"java":{"insertions":295,"deletions":11},"html":{"insertions":20,"deletions":19}}}]},{"date":"2021-06-05","commitResults":[{"hash":"99f62a55e3371ba0d7376c8bcb6b54aa342cc2e1","messageTitle":"[#11099] Audit logs: restrict viewing and searching permissions to course owners (#11112)","messageBody":"* Add guard clause in backend\r\n\r\n* Add error in frontend\r\n\r\n* Fix lint\r\n\r\n* Filter courses by privilege\r\n\r\n* Add test for course without priveleges\r\n\r\n* Fix lint\r\n\r\n* Add modify session and modify instructor permissions\r\n\r\n* Fix test\r\n\r\n* Change testcase name\r\n\r\nCo-authored-by: Adithya Narayan Rangarajan Sreenivasan \u003ce0426343@u.nus.edu\u003e","fileTypesAndContributionMap":{"java":{"insertions":18,"deletions":2},"html":{"insertions":1,"deletions":1},"ts":{"insertions":48,"deletions":5}}}]}],"dao ngoc hieu":[{"date":"2021-03-29","commitResults":[{"hash":"52139d428ac82d227fd6f4f2bcf4281edd82dc04","messageTitle":"[#10936] Show explicit enroll errors (#10943)","messageBody":"* Return error messages from backend\r\n\r\n* Fix front end errors\r\n\r\n* Fix front end errors\r\n\r\n* Fix lint\r\n\r\n* Add EnrollStudentsData class\r\n\r\n* Rename variables\r\n\r\nCo-authored-by: Ahmed Bahajjaj \u003cAhmed_Bahajjaj@u.nus.edu\u003e","fileTypesAndContributionMap":{"java":{"insertions":71,"deletions":5},"scss":{"insertions":9,"deletions":0},"html":{"insertions":2,"deletions":0},"ts":{"insertions":13,"deletions":5}}},{"hash":"c5468bc14479319ded921aea435403a6aebc3f94","messageTitle":"[#10981] Add team members as an option to generate values (#11043)","messageBody":"* Add team members option\r\n\r\n* Add team member option\r\n\r\n* Add additional tests for FeedbackQuestionLogicTest\r\n\r\n* Inline lambda on line 638\r\n\r\nCo-authored-by: Ahmed Bahajjaj \u003cAhmed_Bahajjaj@u.nus.edu\u003e","fileTypesAndContributionMap":{"java":{"insertions":52,"deletions":2},"ts":{"insertions":6,"deletions":0}}}]},{"date":"2021-03-30","commitResults":[{"hash":"72bafbf2ebd881d55cb32cd10ec17aa92ffccf2c","messageTitle":"[#10964] Paginate enroll calls for large courses (FE) (#10968)","messageBody":"* Paginate enroll calls\r\n\r\n* Adjust code style\r\n\r\n* Reformat html file for instructor enroll page\r\n\r\n* Increase number of students per chunk\r\n\r\n* Add mechanism to break long request smaller if timeout\r\n\r\n* Refactor code and update test\r\n\r\n* Add delay of 1s between paginated calls\r\n\r\n* Refactor code\r\n\r\n* Remove retry mechanism\r\n\r\n* Paginate enroll calls\r\n\r\n* Adjust code style\r\n\r\n* Reformat html file for instructor enroll page\r\n\r\n* Increase number of students per chunk\r\n\r\n* Add mechanism to break long request smaller if timeout\r\n\r\n* Refactor code and update test\r\n\r\n* Add delay of 1s between paginated calls\r\n\r\n* Refactor code\r\n\r\n* Remove retry mechanism\r\n\r\n* Add FE checks\r\n\r\n* Run checks on 1D array\r\n\r\n* Paginate enroll calls\r\n\r\n* Adjust code style\r\n\r\n* Reformat html file for instructor enroll page\r\n\r\n* Increase number of students per chunk\r\n\r\n* Add mechanism to break long request smaller if timeout\r\n\r\n* Refactor code and update test\r\n\r\n* Add delay of 1s between paginated calls\r\n\r\n* Refactor code\r\n\r\n* Remove retry mechanism\r\n\r\n* Add FE checks\r\n\r\n* Run checks on 1D array\r\n\r\n* Simplify error messages and add mechanism to remove error highlights\r\n\r\n* Refactor code\r\n\r\n* Fix indentation\r\n\r\n* Show enroll results when error happens\r\n\r\n* Set error message after populating result panels\r\n\r\n* Fix lint\r\n\r\nCo-authored-by: Rahul Rajesh \u003crahul.rajesh.bhat@gmail.com\u003e\r\nCo-authored-by: Ahmed Bahajjaj \u003cAhmed_Bahajjaj@u.nus.edu\u003e","fileTypesAndContributionMap":{"java":{"insertions":0,"deletions":15},"scss":{"insertions":10,"deletions":0},"html":{"insertions":2,"deletions":3},"ts":{"insertions":234,"deletions":49}}}]},{"date":"2021-04-04","commitResults":[{"hash":"1420af9dee8ccb93a532d0024975bc4f446a02f3","messageTitle":"[#11003] LnP tests for batch processing (#11027)","messageBody":"* Add LnP test for enrollment update\r\n\r\n* Change number of students\r\n\r\n* Break the enrollment request into chunks of 50 students each\r\n\r\n* Change access modifer","tags":["V7.13.0"],"fileTypesAndContributionMap":{"java":{"insertions":375,"deletions":6}}}]},{"date":"2021-04-06","commitResults":[{"hash":"e36c2fdf39b01df61eceed9c161796769feffe9c","messageTitle":"[#11084] Remove error highlighting on a new enrollment (#11089)","messageBody":"* Remove error highlighting on a new submit\r\n\r\n* Add variable for last col index","tags":["V7.14.1"],"fileTypesAndContributionMap":{"ts":{"insertions":9,"deletions":2}}}]},{"date":"2021-04-12","commitResults":[{"hash":"bfe52e9dcc8974928ee41d19c35dacf8194a38b0","messageTitle":"[#11053] Refactor datepicker with today button as a component (#11072)","messageBody":"* Refactor datepicker with today button as a component\r\n\r\n* Rename datepicker component\r\n\r\n* Rename date format and remove redundant changes\r\n\r\n* Add id to newly created components\r\n\r\n* Pass id to child datepicker component\r\n\r\n* Change to fetch by css identifier\r\n\r\n* Fix unreacheable id error from e2e tests","fileTypesAndContributionMap":{"java":{"insertions":19,"deletions":12},"scss":{"insertions":10,"deletions":11},"html":{"insertions":30,"deletions":68},"ts":{"insertions":98,"deletions":3}}},{"hash":"70b7c02301936535eb8198a29c82b6f7dc2917e7","messageTitle":"[#11097] Return a better message for conflicting course ids (#11098)","messageBody":"* Return a better message\r\n\r\n* Align the close button to top","fileTypesAndContributionMap":{"java":{"insertions":4,"deletions":2},"html":{"insertions":1,"deletions":1}}}]},{"date":"2021-04-13","commitResults":[{"hash":"ec942eb7630fcb44aa79e302461f848bcf0fee18","messageTitle":"[#11096] Navigate to today date on click (#11104)","messageBody":"Co-authored-by: Ahmed Bahajjaj \u003cAhmed_Bahajjaj@u.nus.edu\u003e","fileTypesAndContributionMap":{"html":{"insertions":1,"deletions":1},"ts":{"insertions":7,"deletions":1}}}]}],"hoonti06":[{"date":"2021-06-05","commitResults":[{"hash":"1123653b5a6bfda9e0aa4e54357bff61891f2ac1","messageTitle":"[#11126] Expand empty search results for feedback session logs (#11151)","messageBody":"* Modify isTabExpanded initialization\r\n\r\n* Modified that if expand button does not exist and only collapse button exists, the session is skipped\r\n\r\n* Modified that if there is no panel expand button, the session is skipped\r\n\r\n* Modified that click the expand button only when it exists\r\n\r\n* Modified that get the session name from the element with class name \u0027card-header\u0027\r\n\r\nCo-authored-by: Ahmed Bahajjaj \u003cAhmed_Bahajjaj@u.nus.edu\u003e\r\nCo-authored-by: Rahul Rajesh \u003crahul.rajesh.bhat@gmail.com\u003e","fileTypesAndContributionMap":{"java":{"insertions":4,"deletions":2},"ts":{"insertions":1,"deletions":1}}}]}],"BoazWu":[{"date":"2021-07-04","commitResults":[{"hash":"f4924bb3225d25c1e14a499cb563d1106b606949","messageTitle":"[#11149] Students page: tweak text  (#11209)","messageBody":"* Students page: tweak text #11149\r\n\r\n* Update test","fileTypesAndContributionMap":{"java":{"insertions":1,"deletions":1},"html":{"insertions":3,"deletions":4}}}]}],"Daniel McBane":[{"date":"2021-04-13","commitResults":[{"hash":"9d500aec55db69c8d0d4a8e7356e556122cbce02","messageTitle":"[#10433] Instructor view results: Use fixed-width floating numbers (#11059)","messageBody":"Co-authored-by: Ahmed Bahajjaj \u003cAhmed_Bahajjaj@u.nus.edu\u003e","fileTypesAndContributionMap":{"ts":{"insertions":3,"deletions":3}}}]}],"t-cheepeng":[{"date":"2021-04-05","commitResults":[{"hash":"0999b4ec02ad37fe0a9e6479b71485f6e9f3db64","messageTitle":"[#10969] Search form for audit logs page (#11006)","messageBody":"* Add routing to audit logs page\r\n\r\n* Add search form for audit logs page\r\n\r\n* Restructure form for search button\r\n\r\n* Reword message and add sort for courses\r\n\r\n* Restructure form and change input to dropdown","fileTypesAndContributionMap":{"scss":{"insertions":4,"deletions":0},"html":{"insertions":75,"deletions":0},"ts":{"insertions":151,"deletions":0}}},{"hash":"e17276e10383a517014ba3b2fd6f84c6bfbf4261","messageTitle":"[#10969] Instructor Audit Logs Frontend (#11047)","messageBody":"* Add method to fetch logs\r\n\r\n* Add logs results table\r\n\r\n* Add in disabled search button and optional params\r\n\r\n* Restrict datepicker to log retention period\r\n\r\n* Reword 30 day limit message\r\n\r\n* Add backend validation for session logs time param\r\n\r\n* Shift click event to select tag\r\n\r\n* Change click to ngModelChange and remove unnecessary checks\r\n\r\n* Hide navbar link for instructor logs page","fileTypesAndContributionMap":{"java":{"insertions":24,"deletions":0},"scss":{"insertions":8,"deletions":1},"html":{"insertions":25,"deletions":8},"ts":{"insertions":161,"deletions":7}}},{"hash":"b81408f78fd19ba2dc95d54cacb060dea5da00c6","messageTitle":"[#10950] Filter logs by student name and change default behaviour of form (#11076)","messageBody":"* Change default dates and disable search button when searching\r\n\r\n* Sync up logs retention constant between frontend and backend\r\n\r\n* Add in email filtering for audit logs\r\n\r\n* Remove unnecessary check for email","fileTypesAndContributionMap":{"java":{"insertions":3,"deletions":1},"html":{"insertions":4,"deletions":3},"ts":{"insertions":17,"deletions":16}}}]},{"date":"2021-04-14","commitResults":[{"hash":"a834a8d8b80f104157b5f45bfaffd5a523c061ee","messageTitle":"[#10969] Add frontend tests for audit logs page (#11090)","messageBody":"* Add frontend tests for audit logs page\r\n\r\n* Clear extra indentation and shift test case variables\r\n\r\nCo-authored-by: Ahmed Bahajjaj \u003cAhmed_Bahajjaj@u.nus.edu\u003e","fileTypesAndContributionMap":{"html":{"insertions":1,"deletions":1},"ts":{"insertions":219,"deletions":2}}}]}],"Samuel Fang":[{"date":"2021-06-20","commitResults":[{"hash":"ba5727525295aa3006f651a8ee2fe98b4a12e290","messageTitle":"Add space before save button label (#11192)","messageBody":"","fileTypesAndContributionMap":{"html":{"insertions":2,"deletions":2}}}]},{"date":"2021-06-22","commitResults":[{"hash":"eb6f5dba9927a7149cf2a52f735199659374781a","messageTitle":"[#10569] Missing loading icon when adding new question from template (#11204)","messageBody":"* Add loading spinner when adding new template qns\r\n\r\n* Move isAddingFromTemplate out of edit form model\r\n\r\n* Move boolean together with other booleans\r\n\r\nCo-authored-by: Ahmed Bahajjaj \u003cahmed@open.gov.sg\u003e","fileTypesAndContributionMap":{"html":{"insertions":1,"deletions":0},"ts":{"insertions":4,"deletions":0}}}]},{"date":"2021-06-26","commitResults":[{"hash":"5ea6e19727256ffe15c63d40815a6cbb4eca30c6","messageTitle":"[#10569] Missing loading icons for Question Edit Form (#11201)","messageBody":"* Add spinner for delete button\r\n\r\n* Add spinner to duplicate button\r\n\r\nCo-authored-by: Rahul Rajesh \u003crahul.rajesh.bhat@gmail.com\u003e","fileTypesAndContributionMap":{"html":{"insertions":18,"deletions":10},"ts":{"insertions":46,"deletions":11}}}]}],"halfwhole":[{"date":"2021-04-05","commitResults":[{"hash":"0903d6aaf3d8fab9f9c8fd442788965a24de9407","messageTitle":"[#10950] Add logging endpoint for audit logs (#10985)","messageBody":"* Add logging endpoint for audit logs\r\n\r\n* Remove commented-out logic and shift constants into Const.java\r\n\r\n* Change authentication level for audit logs tracking","fileTypesAndContributionMap":{"java":{"insertions":35,"deletions":1}}},{"hash":"c59d0468b71c42f4dc9137aa639e4bcb6d4a53e6","messageTitle":"[#10950] Add logging functionality to backend (#10984)","messageBody":"* Add logging functionality to backend\r\n\r\n* Make changes to feedback session log logic\r\n\r\n* Add non null for student email\r\n\r\n* Rename logging to logs and add test skeletons\r\n\r\n* Add ability to retrieve logs via API\r\n\r\n* Fix frontend naming\r\n\r\n* Shift audit log functionality to logging service\r\n\r\n* Remove closing of logger\r\n\r\n* Change frontend components","fileTypesAndContributionMap":{"java":{"insertions":477,"deletions":94},"ts":{"insertions":6,"deletions":6}}},{"hash":"671ed92fcfd55567ae1af2cac3a38ef30b7a9777","messageTitle":"[#10950] Refactor getting of error log entries (#11050)","messageBody":"","fileTypesAndContributionMap":{"java":{"insertions":49,"deletions":25}}},{"hash":"bc308a054b963520d7284d57da760bb417f50ca6","messageTitle":"[#10950] Add backend tests for audit logs (#11048)","messageBody":"* Add backend tests for audit logs\r\n\r\n* Add start and end time validation for getting logs\r\n\r\n* Add tests for invalid parameters and student access\r\n\r\n* Add test for earliest search time","fileTypesAndContributionMap":{"java":{"insertions":325,"deletions":10}}},{"hash":"3c2fd02e134317d08c64271d37154a0933259642","messageTitle":"[#10950] Merge track session endpoint into session logs endpoint (#11082)","messageBody":"","tags":["V7.14.0"],"fileTypesAndContributionMap":{"java":{"insertions":3,"deletions":5},"ts":{"insertions":1,"deletions":1}}}]},{"date":"2021-05-02","commitResults":[{"hash":"248f75f2a789fa215d2c635a2c020f6a0cfd776b","messageTitle":"[#11118] Update timezone database version to 2021a (#11125)","messageBody":"","fileTypesAndContributionMap":{"java":{"insertions":6,"deletions":1}}}]},{"date":"2021-05-03","commitResults":[{"hash":"6998efb61d8170929e8c2a18c89c39fac0114f13","messageTitle":"[#11102] Add student email to dropdown in audit logs (#11113)","messageBody":"Co-authored-by: Ahmed Bahajjaj \u003cAhmed_Bahajjaj@u.nus.edu\u003e","fileTypesAndContributionMap":{"html":{"insertions":4,"deletions":4},"ts":{"insertions":5,"deletions":15}}}]},{"date":"2021-05-05","commitResults":[{"hash":"bfbd6998052581d537b1817fdfe4a05f2d11eba3","messageTitle":"[#11100] Add padding to no activity message for audit logs (#11117)","messageBody":"Co-authored-by: Ahmed Bahajjaj \u003cAhmed_Bahajjaj@u.nus.edu\u003e","fileTypesAndContributionMap":{"scss":{"insertions":4,"deletions":0},"html":{"insertions":3,"deletions":1}}}]},{"date":"2021-06-25","commitResults":[{"hash":"8881b56d0462f6379c0c542aa756a6fa3f95899b","messageTitle":"[#10920] Add session submission page tests (#11044)","messageBody":"* Add session submission page tests\r\n\r\n* Add snapshot tests for all types of questions\r\n\r\n* Update snapshots after merge with master\r\n\r\n* Update feedback sessions and naming of question submission forms\r\n\r\n* Improve test cases\r\n\r\n* Update snapshots after merge with master\r\n\r\n* Update deepCopy\r\n\r\n* Revert \"Update deepCopy\"\r\n\r\nThis reverts commit 5acc87427df591afcac728175b89dda55c35730c.\r\n\r\n* Update deepCopy\r\n\r\nCo-authored-by: Rahul Rajesh \u003crahul.rajesh.bhat@gmail.com\u003e\r\nCo-authored-by: dao ngoc hieu \u003c53283766+daongochieu2810@users.noreply.github.com\u003e","fileTypesAndContributionMap":{"ts":{"insertions":986,"deletions":1}}}]}],"Chloe Stapleton":[{"date":"2021-04-12","commitResults":[{"hash":"0e533b25d6098837c074b567c75b6e79442d8bcf","messageTitle":"[#10917] Fix unexpected behaviour when reverting to template feedback path (#10975)","messageBody":"* Fix unexpected behaviour when reverting to template feedback path\r\n\r\n* Fix minor linting errors\r\n\r\n* Check if settings are same when reverting from custom to default\r\n\r\n* Remove redundancies from if checks\r\n\r\n* Revert to default display after choosing common feedback settings after a custom feedback setting\r\n\r\n* Update src/web/app/components/question-edit-form/question-edit-form.component.ts\r\n\r\nCo-authored-by: Mo Zongran \u003cmzongran@comp.nus.edu.sg\u003e\r\n\r\n* Revert \"Update src/web/app/components/question-edit-form/question-edit-form.component.ts\"\r\n\r\nThis reverts commit 3626115256eb764db684a7f39ce8e6b534397df3.\r\n\r\nCo-authored-by: Chloe Stapleton \u003cces@MacBook-Pro.lan\u003e\r\nCo-authored-by: Mo Zongran \u003cmzongran@comp.nus.edu.sg\u003e\r\nCo-authored-by: Derek-Hardy \u003c32880438+Derek-Hardy@users.noreply.github.com\u003e\r\nCo-authored-by: Ahmed Bahajjaj \u003cAhmed_Bahajjaj@u.nus.edu\u003e","fileTypesAndContributionMap":{"ts":{"insertions":20,"deletions":9}}}]}],"sofefr":[{"date":"2021-04-12","commitResults":[{"hash":"57b1b74dce84f5c4ef60f1183fd8211fe9838e05","messageTitle":"[#5704] Standardize You vs I in UI (#11035)","messageBody":"* #5704 first commit Standardize you vs I in UI\r\n\r\n* update e2e test\r\n\r\n* update e2e test -lint error\r\n\r\nCo-authored-by: dao ngoc hieu \u003c53283766+daongochieu2810@users.noreply.github.com\u003e\r\nCo-authored-by: Ahmed Bahajjaj \u003cAhmed_Bahajjaj@u.nus.edu\u003e","fileTypesAndContributionMap":{"java":{"insertions":2,"deletions":1}}}]}],"Gily-H":[{"date":"2021-06-13","commitResults":[{"hash":"83e7357790618cf2a9895d0542b7ba738f18bc9f","messageTitle":"[#11135] Audit logs: sort student names alphabetically (#11174)","messageBody":"* 11135 audit logs drop-down sorting student names ascending\r\n\r\n* renamed method sortStudentList to sortStudentsLexicallyBy\r\n\r\n* replaced method sortStudentsLexicallyBy with in-line simple sort function\r\n\r\nCo-authored-by: Rahul Rajesh \u003crahul.rajesh.bhat@gmail.com\u003e","fileTypesAndContributionMap":{"ts":{"insertions":5,"deletions":3}}}]}],"LI JIANHAN":[{"date":"2021-06-05","commitResults":[{"hash":"4695b3ee3a1780894505a6934962ae60a024768a","messageTitle":"[#11152] Fix bug that caused SVGs to fail to render (#11165)","messageBody":"* Rectify content type and prevent extra padding from being added to SVG files","fileTypesAndContributionMap":{"java":{"insertions":15,"deletions":3}}}]},{"date":"2021-06-06","commitResults":[{"hash":"217e85e6d1986b4576f3d925fbc7ecb0ff757c1b","messageTitle":"[#11001] Migrate App Engine Text datastore type (#11019)","messageBody":"* Replace usage of Text type from appengine datastore api with StringValue\n\n* Use unindexed String as alternative over StringValue previously used to replace Text\n\n* Simplify getters and setters\n\n* Remove redundant architecture test method after deprecating use of datastore Text type\n","fileTypesAndContributionMap":{"java":{"insertions":27,"deletions":42}}},{"hash":"e0e3b8ad1709d132f176a2edcde8187f4f163fd0","messageTitle":"[#11001] Handle datastore exceptions using the new Google-provided SDK (#11025)","messageBody":"* Remove usage of DatastoreTimeoutException from old api\r\n\r\n* Get WebApiServlet to throw specific datastore error messages\r\n\r\n* Replace hard-coded values with enum values of google.rpc.Code","fileTypesAndContributionMap":{"java":{"insertions":23,"deletions":18}}},{"hash":"58b734e4b51a256f04b8a5d3ae7badb4f01d5e92","messageTitle":"[#11038] Fix feedback question key format incompatibility (#11045)","messageBody":"","fileTypesAndContributionMap":{"java":{"insertions":9,"deletions":1}}},{"hash":"6dfeb32bb17cc0d0d46ca98d6937cd77d5f8cffe","messageTitle":"[#11020] Initial Search API migration to Solr (#11064)","messageBody":"","fileTypesAndContributionMap":{"java":{"insertions":573,"deletions":211}}}]},{"date":"2021-06-13","commitResults":[{"hash":"476193cc9b7df6450e120f2c9fde723183879080","messageTitle":"[#10920] Add snapshot tests for admin search page (#10949)","messageBody":"* Add frontend tests for admin search page\r\n\r\n* Add snapshots and add missing ids to admin search page send buttons\r\n\r\n* Standardize indentation\r\n\r\n* Refactor student result\r\n\r\n* Remove positive tests due to incompleteness\r\n\r\nCo-authored-by: Rahul Rajesh \u003crahul.rajesh.bhat@gmail.com\u003e","fileTypesAndContributionMap":{"html":{"insertions":4,"deletions":4},"ts":{"insertions":170,"deletions":97}}}]}]},"authorFileTypeContributionMap":{"tlhuynh":{"java":0,"js":0,"scss":0,"md":0,"py":0,"tag":0,"html":0,"ts":18},"Ahmed":{"java":0,"js":0,"scss":0,"md":0,"py":0,"tag":0,"html":0,"ts":0},"Mo Zongran":{"java":184,"js":0,"scss":28,"md":0,"py":0,"tag":0,"html":30,"ts":203},"xyzhang":{"java":0,"js":0,"scss":4,"md":0,"py":0,"tag":0,"html":1,"ts":6},"wuqirui":{"java":686,"js":0,"scss":17,"md":0,"py":0,"tag":0,"html":4,"ts":4},"Teik Jun":{"java":0,"js":0,"scss":0,"md":0,"py":0,"tag":0,"html":0,"ts":74},"priscilla":{"java":0,"js":0,"scss":0,"md":0,"py":0,"tag":0,"html":0,"ts":15},"Ahmed Bahajjaj":{"java":0,"js":0,"scss":0,"md":0,"py":0,"tag":0,"html":0,"ts":0},"Syasya Azman":{"java":0,"js":0,"scss":0,"md":0,"py":0,"tag":0,"html":0,"ts":0},"Derek-Hardy":{"java":0,"js":0,"scss":0,"md":84,"py":0,"tag":0,"html":0,"ts":0},"ypinhsuan":{"java":21,"js":0,"scss":7,"md":0,"py":0,"tag":0,"html":63,"ts":683},"Wilson Kurniawan":{"java":2193,"js":0,"scss":0,"md":24,"py":0,"tag":0,"html":7,"ts":7},"Lye Yi Xian":{"java":0,"js":0,"scss":0,"md":0,"py":0,"tag":0,"html":3,"ts":16},"Rahul Rajesh":{"java":6,"js":0,"scss":0,"md":0,"py":0,"tag":0,"html":0,"ts":0},"Adithya Narayan":{"java":305,"js":0,"scss":0,"md":0,"py":0,"tag":0,"html":5,"ts":355},"dao ngoc hieu":{"java":518,"js":0,"scss":29,"md":0,"py":0,"tag":0,"html":35,"ts":333},"hoonti06":{"java":3,"js":0,"scss":0,"md":0,"py":0,"tag":0,"html":0,"ts":1},"BoazWu":{"java":1,"js":0,"scss":0,"md":0,"py":0,"tag":0,"html":3,"ts":0},"Daniel McBane":{"java":0,"js":0,"scss":0,"md":0,"py":0,"tag":0,"html":0,"ts":3},"t-cheepeng":{"java":27,"js":0,"scss":8,"md":0,"py":0,"tag":0,"html":24,"ts":366},"Samuel Fang":{"java":0,"js":0,"scss":0,"md":0,"py":0,"tag":0,"html":19,"ts":42},"halfwhole":{"java":330,"js":0,"scss":4,"md":0,"py":0,"tag":0,"html":6,"ts":992},"Chloe Stapleton":{"java":0,"js":0,"scss":0,"md":0,"py":0,"tag":0,"html":0,"ts":10},"sofefr":{"java":2,"js":0,"scss":0,"md":0,"py":0,"tag":0,"html":0,"ts":0},"Gily-H":{"java":0,"js":0,"scss":0,"md":0,"py":0,"tag":0,"html":0,"ts":4},"LI JIANHAN":{"java":517,"js":0,"scss":0,"md":0,"py":0,"tag":0,"html":4,"ts":156}},"authorContributionVariance":{"tlhuynh":6.376801,"Ahmed":0.0,"Mo Zongran":1786.1548,"xyzhang":1.0938776,"wuqirui":3509.798,"Teik Jun":104.0,"priscilla":5.4334693,"Ahmed Bahajjaj":0.0,"Syasya Azman":0.0,"Derek-Hardy":525.386,"ypinhsuan":5795.298,"Wilson Kurniawan":230519.64,"Lye Yi Xian":18.949118,"Rahul Rajesh":0.33959186,"Adithya Narayan":2545.67,"dao ngoc hieu":3098.0981,"hoonti06":0.6037191,"BoazWu":0.7640816,"Daniel McBane":0.33959192,"t-cheepeng":2882.8943,"Samuel Fang":68.39853,"halfwhole":19159.79,"Chloe Stapleton":7.9332533,"sofefr":0.08489798,"Gily-H":0.60371906,"LI JIANHAN":8376.366},"authorDisplayNameMap":{"tlhuynh":"tlhuynh","Ahmed":"Ahmed","Mo Zongran":"Mo Zongran","xyzhang":"xyzhang","wuqirui":"wuqirui","Teik Jun":"Teik Jun","priscilla":"priscilla","Ahmed Bahajjaj":"Ahmed Bahajjaj","Syasya Azman":"Syasya Azman","Derek-Hardy":"Derek-Hardy","ypinhsuan":"ypinhsuan","Wilson Kurniawan":"Wilson Kurniawan","Lye Yi Xian":"Lye Yi Xian","Rahul Rajesh":"Rahul Rajesh","Adithya Narayan":"Adithya Narayan","dao ngoc hieu":"dao ngoc hieu","hoonti06":"hoonti06","BoazWu":"BoazWu","Daniel McBane":"Daniel McBane","t-cheepeng":"t-cheepeng","Samuel Fang":"Samuel Fang","halfwhole":"halfwhole","Chloe Stapleton":"Chloe Stapleton","sofefr":"sofefr","Gily-H":"Gily-H","LI JIANHAN":"LI JIANHAN"}}
