{"authorDailyContributionsMap":{"pPris":[{"date":"2021-07-04","commitResults":[{"hash":"71a84ebf739a14bbfd75ed2b8973f8752f853535","messageTitle":"[#11148] Instructor home page: tweak session status tooltips (#11223)","messageBody":"* Edit tooltips\r\n\r\n* Add break\r\n\r\n* Add space\r\n\r\n* Edit not-visible tooltip based on comment\r\n\r\n* Edit tooltips\r\n\r\n* Put more important part of tooltip first\r\n\r\n* Fix Consecutive blank lines\r\n\r\n* Change students to respondents in both tooltips","fileTypesAndContributionMap":{"ts":{"insertions":15,"deletions":9}}}]}],"Jellybeano":[],"xyzhang00":[{"date":"2021-07-04","commitResults":[{"hash":"53aa86b20ed3220cfe5df97df33c88f576bb69a9","messageTitle":"[#11205] Fix for Checkbox not aligned with text when choosing from template question (#11214)","messageBody":"* Align checkbox with text when choosing from template question\r\n\r\n* Adjust margins\r\n\r\nCo-authored-by: xyzhang00 \u003c\u003e\r\nCo-authored-by: Rahul Rajesh \u003crahul.rajesh.bhat@gmail.com\u003e","fileTypesAndContributionMap":{"scss":{"insertions":4,"deletions":0},"html":{"insertions":1,"deletions":1}}}]},{"date":"2021-07-06","commitResults":[{"hash":"6600d3e52df95f602077450a605cf6ab743d5bea","messageTitle":"[#11237] Feedback session table doesn\u0027t differentiate grace period and open status (#11250)","messageBody":"* Add description for grace period sessions\r\n\r\n* Edit grace period status display\r\n\r\n* Minor changes to tooltip\r\n\r\n* Minor changes to tooltip\r\n\r\n* Add comma\r\n\r\n* Minor changes to tooltips\r\n\r\nCo-authored-by: xyzhang00 \u003c\u003e","fileTypesAndContributionMap":{"ts":{"insertions":7,"deletions":2}}}]}],"lyeyixian":[{"date":"2021-05-16","commitResults":[{"hash":"b335c24b3cc223775df8c5320c4648c1a07ce825","messageTitle":"[#11087] Instructor deleting all students: show a spinner (#11114)","messageBody":"* Adds a spinner when instructor is deleting all students under course details.\r\n\r\n* Update snapshots\r\n\r\nCo-authored-by: Rahul Rajesh \u003crahul.rajesh.bhat@gmail.com\u003e","fileTypesAndContributionMap":{"html":{"insertions":2,"deletions":1},"ts":{"insertions":4,"deletions":0}}}]},{"date":"2021-05-17","commitResults":[{"hash":"5860891af24fba934e965b560a0f68504c553865","messageTitle":"[#11127] Feedback path for new question not inheriting respondent number (#11128)","messageBody":"* Update instrutor edit session page\u0027s question to inherit respondent number from previous question\r\n\r\n* Remove unnecessary formatting.\r\n\r\n* Fix lint check error: Exceeds maximum line length of 120\r\n\r\nCo-authored-by: Ahmed Bahajjaj \u003cAhmed_Bahajjaj@u.nus.edu\u003e","fileTypesAndContributionMap":{"ts":{"insertions":4,"deletions":0}}}]},{"date":"2021-07-04","commitResults":[{"hash":"eaf7e68770da946f26e1d3ef6509e634fe5575b8","messageTitle":"[#11227] Instructor home page: show spinner while copying sessions (#11247)","messageBody":"","fileTypesAndContributionMap":{"html":{"insertions":1,"deletions":1},"ts":{"insertions":21,"deletions":18}}}]},{"date":"2021-07-05","commitResults":[{"hash":"14fa4ef7e8afc3874c29dd88abd5a4817ea2226f","messageTitle":"[#10569] Loading icons bugs for Session Edit Form (Copy Button) (#11218)","messageBody":"* Fixes bug of loading icon persisting in session edit form.\r\n\r\n* Reverts previous changes. Pipe the requestList before passing it into copySingleSession function.\r\n\r\nRemove redundant code.\r\n\r\n* Revert changes to removal of redundant code.\r\n\r\n* Removes loading icon after pressing the copy button before really copying the data","fileTypesAndContributionMap":{"ts":{"insertions":4,"deletions":13}}}]},{"date":"2021-07-07","commitResults":[{"hash":"3b63fe75d0e2c0f8b5b6f2314e4e9b9796afb4da","messageTitle":"Fixes date not showing up when the result of minusing the date is the last day of previous month. (#11251)","messageBody":"Co-authored-by: Chong Chee Yuan \u003c32454748+ccyccyccy@users.noreply.github.com\u003e","fileTypesAndContributionMap":{"ts":{"insertions":8,"deletions":1}}}]}],"tjtanjin":[],"samuelfangjw":[{"date":"2021-06-20","commitResults":[{"hash":"ba5727525295aa3006f651a8ee2fe98b4a12e290","messageTitle":"Add space before save button label (#11192)","messageBody":"","fileTypesAndContributionMap":{"html":{"insertions":2,"deletions":2}}}]},{"date":"2021-06-22","commitResults":[{"hash":"eb6f5dba9927a7149cf2a52f735199659374781a","messageTitle":"[#10569] Missing loading icon when adding new question from template (#11204)","messageBody":"* Add loading spinner when adding new template qns\r\n\r\n* Move isAddingFromTemplate out of edit form model\r\n\r\n* Move boolean together with other booleans\r\n\r\nCo-authored-by: Ahmed Bahajjaj \u003cahmed@open.gov.sg\u003e","fileTypesAndContributionMap":{"html":{"insertions":1,"deletions":0},"ts":{"insertions":4,"deletions":0}}}]},{"date":"2021-06-26","commitResults":[{"hash":"5ea6e19727256ffe15c63d40815a6cbb4eca30c6","messageTitle":"[#10569] Missing loading icons for Question Edit Form (#11201)","messageBody":"* Add spinner for delete button\r\n\r\n* Add spinner to duplicate button\r\n\r\nCo-authored-by: Rahul Rajesh \u003crahul.rajesh.bhat@gmail.com\u003e","fileTypesAndContributionMap":{"html":{"insertions":18,"deletions":10},"ts":{"insertions":46,"deletions":11}}}]}]},"authorFileTypeContributionMap":{"pPris":{"java":0,"js":0,"scss":0,"md":0,"py":0,"tag":0,"html":0,"ts":15},"Jellybeano":{"java":0,"js":0,"scss":0,"md":0,"py":0,"tag":0,"html":0,"ts":0},"xyzhang00":{"java":0,"js":0,"scss":4,"md":0,"py":0,"tag":0,"html":1,"ts":6},"lyeyixian":{"java":0,"js":0,"scss":0,"md":0,"py":0,"tag":0,"html":3,"ts":24},"tjtanjin":{"java":0,"js":0,"scss":0,"md":0,"py":0,"tag":0,"html":0,"ts":0},"samuelfangjw":{"java":0,"js":0,"scss":0,"md":0,"py":0,"tag":0,"html":19,"ts":42}},"authorContributionVariance":{"pPris":5.5916953,"Jellybeano":0.0,"xyzhang00":1.1254326,"lyeyixian":20.160326,"tjtanjin":0.0,"samuelfangjw":70.38599},"authorDisplayNameMap":{"pPris":"PRIN..LSON","Jellybeano":"LAN ..XUAN","xyzhang00":"ZHAN..INYI","lyeyixian":"LYE ..XIAN","tjtanjin":"TAN .. JIN","samuelfangjw":"FANG..MUEL"}}
