{"authorDailyContributionsMap":{"pPris":[{"date":"2021-07-04","commitResults":[{"hash":"71a84ebf739a14bbfd75ed2b8973f8752f853535","messageTitle":"[#11148] Instructor home page: tweak session status tooltips (#11223)","messageBody":"* Edit tooltips\r\n\r\n* Add break\r\n\r\n* Add space\r\n\r\n* Edit not-visible tooltip based on comment\r\n\r\n* Edit tooltips\r\n\r\n* Put more important part of tooltip first\r\n\r\n* Fix Consecutive blank lines\r\n\r\n* Change students to respondents in both tooltips","fileTypesAndContributionMap":{"ts":{"insertions":15,"deletions":9}}}]}],"Jellybeano":[],"xyzhang00":[{"date":"2021-07-04","commitResults":[{"hash":"53aa86b20ed3220cfe5df97df33c88f576bb69a9","messageTitle":"[#11205] Fix for Checkbox not aligned with text when choosing from template question (#11214)","messageBody":"* Align checkbox with text when choosing from template question\r\n\r\n* Adjust margins\r\n\r\nCo-authored-by: xyzhang00 \u003c\u003e\r\nCo-authored-by: Rahul Rajesh \u003crahul.rajesh.bhat@gmail.com\u003e","fileTypesAndContributionMap":{"scss":{"insertions":4,"deletions":0},"html":{"insertions":1,"deletions":1}}}]},{"date":"2021-07-06","commitResults":[{"hash":"6600d3e52df95f602077450a605cf6ab743d5bea","messageTitle":"[#11237] Feedback session table doesn\u0027t differentiate grace period and open status (#11250)","messageBody":"* Add description for grace period sessions\r\n\r\n* Edit grace period status display\r\n\r\n* Minor changes to tooltip\r\n\r\n* Minor changes to tooltip\r\n\r\n* Add comma\r\n\r\n* Minor changes to tooltips\r\n\r\nCo-authored-by: xyzhang00 \u003c\u003e","fileTypesAndContributionMap":{"ts":{"insertions":7,"deletions":2}}}]}],"lyeyixian":[{"date":"2021-05-16","commitResults":[{"hash":"b335c24b3cc223775df8c5320c4648c1a07ce825","messageTitle":"[#11087] Instructor deleting all students: show a spinner (#11114)","messageBody":"* Adds a spinner when instructor is deleting all students under course details.\r\n\r\n* Update snapshots\r\n\r\nCo-authored-by: Rahul Rajesh \u003crahul.rajesh.bhat@gmail.com\u003e","fileTypesAndContributionMap":{"html":{"insertions":2,"deletions":1},"ts":{"insertions":4,"deletions":0}}}]},{"date":"2021-05-17","commitResults":[{"hash":"5860891af24fba934e965b560a0f68504c553865","messageTitle":"[#11127] Feedback path for new question not inheriting respondent number (#11128)","messageBody":"* Update instrutor edit session page\u0027s question to inherit respondent number from previous question\r\n\r\n* Remove unnecessary formatting.\r\n\r\n* Fix lint check error: Exceeds maximum line length of 120\r\n\r\nCo-authored-by: Ahmed Bahajjaj \u003cAhmed_Bahajjaj@u.nus.edu\u003e","fileTypesAndContributionMap":{"ts":{"insertions":4,"deletions":0}}}]},{"date":"2021-07-04","commitResults":[{"hash":"eaf7e68770da946f26e1d3ef6509e634fe5575b8","messageTitle":"[#11227] Instructor home page: show spinner while copying sessions (#11247)","messageBody":"","fileTypesAndContributionMap":{"html":{"insertions":1,"deletions":1},"ts":{"insertions":21,"deletions":18}}}]},{"date":"2021-07-05","commitResults":[{"hash":"14fa4ef7e8afc3874c29dd88abd5a4817ea2226f","messageTitle":"[#10569] Loading icons bugs for Session Edit Form (Copy Button) (#11218)","messageBody":"* Fixes bug of loading icon persisting in session edit form.\r\n\r\n* Reverts previous changes. Pipe the requestList before passing it into copySingleSession function.\r\n\r\nRemove redundant code.\r\n\r\n* Revert changes to removal of redundant code.\r\n\r\n* Removes loading icon after pressing the copy button before really copying the data","fileTypesAndContributionMap":{"ts":{"insertions":4,"deletions":13}}}]}],"tjtanjin":[],"samuelfangjw":[]},"authorFileTypeContributionMap":{"pPris":{"java":0,"js":0,"scss":0,"md":0,"py":0,"tag":0,"html":0,"ts":15},"Jellybeano":{"java":0,"js":0,"scss":0,"md":0,"py":0,"tag":0,"html":0,"ts":0},"xyzhang00":{"java":0,"js":0,"scss":4,"md":0,"py":0,"tag":0,"html":1,"ts":6},"lyeyixian":{"java":0,"js":0,"scss":0,"md":0,"py":0,"tag":0,"html":3,"ts":16},"tjtanjin":{"java":0,"js":0,"scss":0,"md":0,"py":0,"tag":0,"html":0,"ts":0},"samuelfangjw":{"java":0,"js":0,"scss":0,"md":0,"py":0,"tag":0,"html":0,"ts":0}},"authorContributionVariance":{"pPris":5.4334693,"Jellybeano":0.0,"xyzhang00":1.0938776,"lyeyixian":18.949118,"tjtanjin":0.0,"samuelfangjw":0.0},"authorDisplayNameMap":{"pPris":"PRIN..LSON","Jellybeano":"LAN ..XUAN","xyzhang00":"ZHAN..INYI","lyeyixian":"LYE ..XIAN","tjtanjin":"TAN .. JIN","samuelfangjw":"FANG..MUEL"}}
