{"authorDailyContributionsMap":{"pPris":[{"date":"2021-07-04","commitResults":[{"hash":"71a84ebf739a14bbfd75ed2b8973f8752f853535","messageTitle":"[#11148] Instructor home page: tweak session status tooltips (#11223)","messageBody":"* Edit tooltips\r\n\r\n* Add break\r\n\r\n* Add space\r\n\r\n* Edit not-visible tooltip based on comment\r\n\r\n* Edit tooltips\r\n\r\n* Put more important part of tooltip first\r\n\r\n* Fix Consecutive blank lines\r\n\r\n* Change students to respondents in both tooltips","fileTypesAndContributionMap":{"ts":{"insertions":15,"deletions":9}}}]},{"date":"2021-08-07","commitResults":[{"hash":"29540b4208ddb922a57d78e1bcaf3ddf647cd083","messageTitle":"[#10952] Submission links sent to instructors: Also give join link if not joined yet (#11256)","messageBody":"","fileTypesAndContributionMap":{"java":{"insertions":30,"deletions":3},"html":{"insertions":134,"deletions":1}}}]},{"date":"2021-08-26","commitResults":[{"hash":"7bf3729de159e7373da1a1ead9df343bec448a13","messageTitle":"[#10903] Send an \u0027opening soon\u0027 email to course owners  (#11281)","messageBody":"* Add sentOpeningSoonEmail variable and isOpeningSoonEmailEnabled fields\r\n\r\n* Add newline\r\n\r\n* Fix tests and make minor edits (squashed commit)\r\n\r\n* Remove isOpeningSoonEmailEnabled\r\n\r\n* Fix component test and comment\r\n\r\n* [#11177] Create new user role: maintainer (#11183)\r\n\r\n* Fix tests, merge, squash\r\n\r\n* Changes made after review\r\n\r\n* Revert unwanted changes\r\n\r\n* Edits made after merge\r\n\r\n* Fix merge\r\n\r\n* Fix issues after merge\r\n\r\n* Fix mistake made by clashing pr\r\n\r\n* Restore changes to fsdb\r\n\r\n* Edit email contents based on discussion\r\n\r\n* Minor fixes\r\n\r\n# Add the new field to all json files with the same value as sentOpenEmail\r\n# also restore changes made to Feedbacksession.java tostring\r\n\r\n* Fix checkstyle\r\n\r\n* Update comments\r\n\r\n* Remove todos and update test case description\r\n\r\n* Fix lint\r\n\r\n* Fix as per last review\r\n\r\n* Add some test cases to existing tests and e2e json files\r\n\r\n* Fix as per review","fileTypesAndContributionMap":{"java":{"insertions":624,"deletions":10},"html":{"insertions":158,"deletions":0}}}]}],"xinyee20":[{"date":"2021-08-17","commitResults":[{"hash":"2a2300bc0e984f6aee5c639bfb1909f093327e6e","messageTitle":"Update example box spacing (#11342)","messageBody":"Co-authored-by: Chong Chee Yuan \u003c32454748+ccyccyccy@users.noreply.github.com\u003e","fileTypesAndContributionMap":{"scss":{"insertions":8,"deletions":0}}}]},{"date":"2021-08-18","commitResults":[{"hash":"68bb6662297929dbf6d7b1659a73ab5c7f47a76e","messageTitle":"[#11337] Home page header misaligned (#11338)","messageBody":"* Update Headers Alignment\r\n\r\n* Shift style into scss file\r\n\r\nCo-authored-by: halfwhole \u003c41856541+halfwhole@users.noreply.github.com\u003e","fileTypesAndContributionMap":{"scss":{"insertions":4,"deletions":0},"html":{"insertions":7,"deletions":7}}}]},{"date":"2021-08-19","commitResults":[{"hash":"d4ba9f972ca1183cf70cb2584cb6a80884b83b7e","messageTitle":"Update modal header to be more consistent (#11340)","messageBody":"Co-authored-by: dao ngoc hieu \u003c53283766+daongochieu2810@users.noreply.github.com\u003e\r\nCo-authored-by: Chong Chee Yuan \u003c32454748+ccyccyccy@users.noreply.github.com\u003e","fileTypesAndContributionMap":{"ts":{"insertions":1,"deletions":1}}}]}],"josiahkhoo":[{"date":"2021-08-15","commitResults":[{"hash":"5d473234819b832467c95fa2b9add28c253d58fe","messageTitle":"[#11244] Add save and loading icons to instructor\u0027s student edit page (#11335)","messageBody":"* Add save and loading spinner icons to instructor course student edit page\r\n\r\n* Update snapshot\r\n\r\n* Disable save button during save and toggle isFormSaving false during errors\r\n\r\n* Use pipe finalize to toggle isFormSaving to false instead of repeating\r\n\r\nCo-authored-by: Mo Zongran \u003cmozongran@gmail.com\u003e\r\nCo-authored-by: t-cheepeng \u003ctcp97@hotmail.com\u003e","fileTypesAndContributionMap":{"html":{"insertions":7,"deletions":6},"ts":{"insertions":6,"deletions":0}}}]},{"date":"2021-09-25","commitResults":[{"hash":"09971f0f2afa7ea6a21b1affcd44f22260cb159f","messageTitle":"[#11412] \u0027copy from previous feedback sessions\u0027 copy an empty session (#11429)","messageBody":"Co-authored-by: Rahul Rajesh \u003crahul.rajesh.bhat@gmail.com\u003e","fileTypesAndContributionMap":{"ts":{"insertions":1,"deletions":1}}}]}],"Jellybeano":[{"date":"2021-07-18","commitResults":[{"hash":"9bfd6f5703b5b1160ff18d6b6f221e82e94a8b1e","messageTitle":"[#11208] Distribute points among recipients: show average excluding self (#11224)","messageBody":"* Add \u0027Average Excluding Self\u0027 column\r\n\r\n* Fix minor checkstyle errors\r\n\r\n* Fix minor checkstyle errors\r\n\r\n* Remove unnecessary loop\r\n\r\n* Minor checkstyle fixes\r\n\r\n* Fix functionality of show average except self\r\n\r\n* Add comment description, fix bugs\r\n\r\n* Fix functionality bug\r\n\r\n* Minor bug fix\r\n\r\n* Fix typo\r\n\r\n* Improve code logic\r\n\r\n* Add test for calculateStatistics()\r\n\r\n* Improve test coverage\r\n\r\nCo-authored-by: Rahul Rajesh \u003crahul.rajesh.bhat@gmail.com\u003e\r\nCo-authored-by: Ahmed Bahajjaj \u003cahmed@open.gov.sg\u003e","fileTypesAndContributionMap":{"ts":{"insertions":228,"deletions":1}}}]},{"date":"2021-08-15","commitResults":[{"hash":"6c1c031c79d6359730be53cb7f33235a6ab12784","messageTitle":"[#10920] Add tests for calculating statistics for constsum-options-questions component (#11280)","messageBody":"* Add tests for calculating stats for constsum-options-questions\r\n\r\n* Add test for when total, average is zero\r\n\r\n* Migrate test data to JSON file\r\n\r\nCo-authored-by: Rahul Rajesh \u003crahul.rajesh.bhat@gmail.com\u003e\r\nCo-authored-by: wuqirui \u003c53338059+hhdqirui@users.noreply.github.com\u003e\r\nCo-authored-by: Chong Chee Yuan \u003c32454748+ccyccyccy@users.noreply.github.com\u003e","fileTypesAndContributionMap":{"ts":{"insertions":23,"deletions":0}}}]},{"date":"2021-08-23","commitResults":[{"hash":"f9c3709bc803b59ce463b36cc4954aef7cb0e9d8","messageTitle":"[#10920] Add tests for calculating statistics (#11291)","messageBody":"* Add tests for mcq question statistics calculation\r\n\r\n* Add tests for msq question statistics calculation\r\n\r\n* Add tests for num scale question statistics calculation\r\n\r\n* Add tests for rank options question statistics calculation\r\n\r\n* Add tests for rubric question statistics calculation\r\n\r\n* Migrate test data to JSON files\r\n\r\n* Fix checkstyle errors\r\n\r\n* Refactor terms for clarity\r\n\r\n* Improve format of importing JSON files\r\n\r\n* Increase test coverage\r\n","fileTypesAndContributionMap":{"ts":{"insertions":397,"deletions":0}}}]}],"xyzhang00":[{"date":"2021-07-04","commitResults":[{"hash":"53aa86b20ed3220cfe5df97df33c88f576bb69a9","messageTitle":"[#11205] Fix for Checkbox not aligned with text when choosing from template question (#11214)","messageBody":"* Align checkbox with text when choosing from template question\r\n\r\n* Adjust margins\r\n\r\nCo-authored-by: xyzhang00 \u003c\u003e\r\nCo-authored-by: Rahul Rajesh \u003crahul.rajesh.bhat@gmail.com\u003e","fileTypesAndContributionMap":{"scss":{"insertions":4,"deletions":0},"html":{"insertions":1,"deletions":1}}}]},{"date":"2021-07-06","commitResults":[{"hash":"6600d3e52df95f602077450a605cf6ab743d5bea","messageTitle":"[#11237] Feedback session table doesn\u0027t differentiate grace period and open status (#11250)","messageBody":"* Add description for grace period sessions\r\n\r\n* Edit grace period status display\r\n\r\n* Minor changes to tooltip\r\n\r\n* Minor changes to tooltip\r\n\r\n* Add comma\r\n\r\n* Minor changes to tooltips\r\n\r\nCo-authored-by: xyzhang00 \u003c\u003e","fileTypesAndContributionMap":{"ts":{"insertions":7,"deletions":2}}}]},{"date":"2021-08-07","commitResults":[{"hash":"17ab7f5f118ffc7d012d171aa7c3c1c059cc1494","messageTitle":"[#10785] Sort all team names by natural ordering (#11317)","messageBody":"","fileTypesAndContributionMap":{"ts":{"insertions":5,"deletions":5}}}]},{"date":"2021-08-15","commitResults":[{"hash":"d4352b0cf67e539edd65f5a58d8ad42713ec5765","messageTitle":"[#10824] Fix for Admin searching for students: also show awaiting sessions (#11301)","messageBody":"* Add display for awaiting sessions when admin search for students\r\n\r\n* Minor fixes\r\n\r\n* Update test snapshots and fix lint errors\r\n\r\n* Minor fixes\r\n\r\n* Update snapshots\r\n\r\n* Minor edits\r\n\r\n* Combine functions\r\n\r\nCo-authored-by: xyzhang00 \u003c\u003e\r\nCo-authored-by: Chong Chee Yuan \u003c32454748+ccyccyccy@users.noreply.github.com\u003e\r\nCo-authored-by: t-cheepeng \u003ctcp97@hotmail.com\u003e","fileTypesAndContributionMap":{"html":{"insertions":5,"deletions":0},"ts":{"insertions":51,"deletions":9}}}]}],"arsatis":[{"date":"2021-08-22","commitResults":[{"hash":"ff85d6b4a5f8bafabb876a999284993768e6ba55","messageTitle":"[#11327] Compare table elements that are expected to be numbers numerically (#11350)","messageBody":"","fileTypesAndContributionMap":{"ts":{"insertions":10,"deletions":10}}}]},{"date":"2021-09-25","commitResults":[{"hash":"0ad6268baad33e723a280deb30fcb0f3329faeb1","messageTitle":"[#11408] Instructor moderating responses: open in a new tab (#11418)","messageBody":"* Make button open in new tab\r\n\r\n* Add noopener/noreferrer for security\r\n\r\nCo-authored-by: Rahul Rajesh \u003crahul.rajesh.bhat@gmail.com\u003e","fileTypesAndContributionMap":{"html":{"insertions":1,"deletions":1}}}]}],"lyeyixian":[{"date":"2021-07-04","commitResults":[{"hash":"eaf7e68770da946f26e1d3ef6509e634fe5575b8","messageTitle":"[#11227] Instructor home page: show spinner while copying sessions (#11247)","messageBody":"","fileTypesAndContributionMap":{"html":{"insertions":1,"deletions":1},"ts":{"insertions":21,"deletions":18}}}]},{"date":"2021-07-05","commitResults":[{"hash":"14fa4ef7e8afc3874c29dd88abd5a4817ea2226f","messageTitle":"[#10569] Loading icons bugs for Session Edit Form (Copy Button) (#11218)","messageBody":"* Fixes bug of loading icon persisting in session edit form.\r\n\r\n* Reverts previous changes. Pipe the requestList before passing it into copySingleSession function.\r\n\r\nRemove redundant code.\r\n\r\n* Revert changes to removal of redundant code.\r\n\r\n* Removes loading icon after pressing the copy button before really copying the data","fileTypesAndContributionMap":{"ts":{"insertions":4,"deletions":13}}}]},{"date":"2021-07-07","commitResults":[{"hash":"3b63fe75d0e2c0f8b5b6f2314e4e9b9796afb4da","messageTitle":"Fixes date not showing up when the result of minusing the date is the last day of previous month. (#11251)","messageBody":"Co-authored-by: Chong Chee Yuan \u003c32454748+ccyccyccy@users.noreply.github.com\u003e","fileTypesAndContributionMap":{"ts":{"insertions":8,"deletions":1}}}]},{"date":"2021-08-15","commitResults":[{"hash":"9ef486f7b86b6579505c4ff4658b76ad99ec78d4","messageTitle":"[#10823] student accessing an awaiting session: error message not shown (#11274)","messageBody":"* Adds a if check for status code 403 and show the correct error message.\r\n\r\n* Fix lint error.\r\n\r\n* Updates error message to be more intuitive and gives user hint.\r\n\r\n* Adds new test\r\n\r\n* Fixes lint error\r\n\r\n* Navigates without an toast error message.\r\n\r\n* Updates test.\r\n\r\n* Updates the error message and adds an else block.\r\n\r\n* Updates snapshot test.\r\n\r\nCo-authored-by: Rahul Rajesh \u003crahul.rajesh.bhat@gmail.com\u003e\r\nCo-authored-by: wuqirui \u003c53338059+hhdqirui@users.noreply.github.com\u003e","fileTypesAndContributionMap":{"ts":{"insertions":24,"deletions":2}}}]},{"date":"2021-08-22","commitResults":[{"hash":"1c45c2ea80d7ad0a36840d27f659657fcaea492a","messageTitle":"[#11260] Instructor viewing students: incorrect message flashed before populating the page (#11271)","messageBody":"* Removes flashing of incorrect message before the table has been populated.\r\n\r\n* Update snapshots.\r\n\r\n* Removes unnecessary changes based on PR review\r\n\r\n* Removes trailing spaces.\r\n\r\n* Updates snapshot test.\r\n\r\n* Move loading flag to correct place\r\n\r\n* Remove unnecessary variable + update snapshots\r\n\r\n* Small tweaks to adjust flag toggle\r\n\r\n* Adjust snapshots\r\n\r\nCo-authored-by: Rahul Rajesh \u003crahul.rajesh.bhat@gmail.com\u003e","fileTypesAndContributionMap":{"ts":{"insertions":17,"deletions":5}}}]},{"date":"2021-09-25","commitResults":[{"hash":"b46c697db963b89eed1979f707f4bd5cdb89a26c","messageTitle":"[#11169] Student viewing responses: show an empty panel if the student didn\u0027t receive responses for a question (#11190)","messageBody":"* Adds a blue panel with a short message when the array of questions is empty.\r\n\r\n* Fixes lint error\r\n\r\n* Updates test snapshots\r\n\r\n* Fixes lint error\r\n\r\n* Adds panel with messages notifying users when they no response from their team members is shown in each questions.\r\nAlso, changes the color and messages of the panel when there is no response for the whole session.\r\n\r\n* Updates the text to give more specific messages to the users depends on the visibility settings.\r\n\r\n* Adds a message at the top of the page.\r\n\r\n* Removes \u003cp\u003e html tag, so that the text looks good without having to add extra unnecessary inline styling.\r\n\r\n* Removes a variable and check this.questions.length in the html instead.\r\n\r\n* Reverts the previous change, adds back the variable.\r\n\r\n* Updates to use already implemented function to check the visibility of the response. Removes additional ngIf check and use an else block.\r\n\r\n* Fixes lint error.\r\n\r\n* Updates test snapshots.\r\n\r\n* Adds snapshot test for the new behaviour.\r\n\r\n* Fixes lint error\r\n\r\n* Fixes bugs from last changes when added else and ng-template.\r\nAdds new message for contribution type question.\r\n\r\n* Updates snapshot test.\r\n\r\n* no message\r\n\r\n* Merge conflict\r\n\r\n* Update snapshot test.\r\n\r\n* Update e2e test.\r\n\r\n* Update e2e test\r\n\r\n* Revert the changes made to e2e test\r\n\r\n* Changes the message to below the response panel\r\n\r\n* Fixes bug causing e2e test to fail.\r\n\r\n* Updates error arising after merging from master.\r\n\r\n* Fixes failed snapshot test.\r\n\r\n* Removes message when responses are empty\r\n\r\n* Removes incorrect changes made before.\r\n\r\n* Use a constant map to check if we are going to output the additional message.\r\n\r\n* Fixes lint error.\r\n\r\n* Updates snapshots test.\r\n\r\n* Revert changes made previously when resolving merge conflict\r\n\r\n* Remove isFeedbackSessionResultsEmpty\r\n\r\n* Update snapshots for new logic\r\n\r\nCo-authored-by: dao ngoc hieu \u003c53283766+daongochieu2810@users.noreply.github.com\u003e\r\nCo-authored-by: Rahul Rajesh \u003crahul.rajesh.bhat@gmail.com\u003e","fileTypesAndContributionMap":{"scss":{"insertions":5,"deletions":0},"html":{"insertions":29,"deletions":8},"ts":{"insertions":190,"deletions":1}}}]}],"tjtanjin":[{"date":"2021-07-19","commitResults":[{"hash":"4d7b8c971b3cfc57c26a68899b2558a022c9373e","messageTitle":"[#11242] Fix duplicate copied sessions shown in instructor homepage (#11257)","messageBody":"* Fix duplicate copied sessions shown in instructor homepage\r\n\r\n* Fix check condition for pushing new session to course model\r\n\r\nCo-authored-by: dao ngoc hieu \u003c53283766+daongochieu2810@users.noreply.github.com\u003e\r\nCo-authored-by: Chong Chee Yuan \u003c32454748+ccyccyccy@users.noreply.github.com\u003e","fileTypesAndContributionMap":{"ts":{"insertions":1,"deletions":1}}}]},{"date":"2021-08-07","commitResults":[{"hash":"ad42a9aeecb83daf35c4fcf92aaf6ebe7c304c24","messageTitle":"[#11284] Fix exception checking in CreateAccountActionTest (#11290)","messageBody":"","fileTypesAndContributionMap":{"java":{"insertions":19,"deletions":31}}},{"hash":"fd9655921127860decccc374233673d214529ad3","messageTitle":"[#11299] Remove previous results if search encounters error (#11328)","messageBody":"","fileTypesAndContributionMap":{"ts":{"insertions":3,"deletions":0}}}]},{"date":"2021-08-22","commitResults":[{"hash":"d50945546822c982e6326272ad0aa3b61a89f900","messageTitle":"[#11219] Fix autoscrolling when viewing session result (#11229)","messageBody":"* Fix autoscrolling when viewing session result\r\n\r\n* Add parameter type and remove pageScrollFinish from pageScrollOptions\r\n\r\n* Fix linting errors\r\n\r\n* Fix wrong link for crediting solution\r\n\r\n* Remove type any for div to scroll to\r\n\r\n* Fix linting errors","fileTypesAndContributionMap":{"ts":{"insertions":37,"deletions":7}}}]}],"samuelfangjw":[{"date":"2021-06-22","commitResults":[{"hash":"eb6f5dba9927a7149cf2a52f735199659374781a","messageTitle":"[#10569] Missing loading icon when adding new question from template (#11204)","messageBody":"* Add loading spinner when adding new template qns\r\n\r\n* Move isAddingFromTemplate out of edit form model\r\n\r\n* Move boolean together with other booleans\r\n\r\nCo-authored-by: Ahmed Bahajjaj \u003cahmed@open.gov.sg\u003e","fileTypesAndContributionMap":{"html":{"insertions":1,"deletions":0},"ts":{"insertions":4,"deletions":0}}}]},{"date":"2021-06-26","commitResults":[{"hash":"5ea6e19727256ffe15c63d40815a6cbb4eca30c6","messageTitle":"[#10569] Missing loading icons for Question Edit Form (#11201)","messageBody":"* Add spinner for delete button\r\n\r\n* Add spinner to duplicate button\r\n\r\nCo-authored-by: Rahul Rajesh \u003crahul.rajesh.bhat@gmail.com\u003e","fileTypesAndContributionMap":{"html":{"insertions":18,"deletions":10},"ts":{"insertions":46,"deletions":11}}}]},{"date":"2021-07-11","commitResults":[{"hash":"a7a37fb64923b405d93acdc09deff9ac80545b08","messageTitle":"[#11146] Student viewing responses: show self-response as \u0027given\u0027 AND \u0027received\u0027 (#11221)","messageBody":"* Update question responses to show self responses\r\n\r\n* Hide num scale question stats when no responses\r\n\r\n* Remove trailing whitespace\r\n\r\n* Fix broken e2e test\r\n\r\n* Fix failing e2e test\r\n\r\n* Move check for show responses to frontend\r\n\r\n* Update SessionResultsBundle.java\r\n\r\n* Fix bug where empty responses displayed\r\n\r\n* Hide statistics component when responses are hidden\r\n\r\nCo-authored-by: Rahul Rajesh \u003crahul.rajesh.bhat@gmail.com\u003e","fileTypesAndContributionMap":{"java":{"insertions":14,"deletions":5},"html":{"insertions":10,"deletions":8},"ts":{"insertions":8,"deletions":1}}}]},{"date":"2021-08-07","commitResults":[{"hash":"c03deb30259902013e6ddcfb682e3304bd15fb12","messageTitle":"[#11309] Drop downs for further actions in tables expands by adding scrolling to table (#11313)","messageBody":"* Fix dropdown hidden by responsive table\r\n\r\n* Update e2eTests\r\n\r\nCo-authored-by: Chong Chee Yuan \u003c32454748+ccyccyccy@users.noreply.github.com\u003e\r\nCo-authored-by: Wilson Kurniawan \u003cwkurniawan.92@gmail.com\u003e","fileTypesAndContributionMap":{"java":{"insertions":4,"deletions":2},"html":{"insertions":1,"deletions":1}}},{"hash":"eb550cea93dfe37a7328200e01970462682e1933","messageTitle":"[#4552] Increase course ID, course name, and session name max length (#11277)","messageBody":"","fileTypesAndContributionMap":{"java":{"insertions":20,"deletions":18},"scss":{"insertions":13,"deletions":10},"html":{"insertions":93,"deletions":87}}}]}]},"authorFileTypeContributionMap":{"pPris":{"java":649,"js":0,"scss":0,"md":0,"py":0,"tag":0,"html":289,"ts":15},"xinyee20":{"java":0,"js":0,"scss":12,"md":0,"py":0,"tag":0,"html":7,"ts":1},"josiahkhoo":{"java":0,"js":0,"scss":0,"md":0,"py":0,"tag":0,"html":6,"ts":7},"Jellybeano":{"java":0,"js":0,"scss":0,"md":0,"py":0,"tag":0,"html":0,"ts":646},"xyzhang00":{"java":0,"js":0,"scss":3,"md":0,"py":0,"tag":0,"html":6,"ts":62},"arsatis":{"java":0,"js":0,"scss":0,"md":0,"py":0,"tag":0,"html":1,"ts":10},"lyeyixian":{"java":0,"js":0,"scss":5,"md":0,"py":0,"tag":0,"html":22,"ts":245},"tjtanjin":{"java":6,"js":0,"scss":0,"md":0,"py":0,"tag":0,"html":0,"ts":32},"samuelfangjw":{"java":38,"js":0,"scss":12,"md":0,"py":0,"tag":0,"html":114,"ts":49}},"authorContributionVariance":{"pPris":6660.6484,"xinyee20":3.9579082,"josiahkhoo":3.7160182,"Jellybeano":2126.1516,"xyzhang00":44.93292,"arsatis":4.1135125,"lyeyixian":579.9124,"tjtanjin":47.917057,"samuelfangjw":719.98706},"authorDisplayNameMap":{"pPris":"PRIN..LSON","xinyee20":"LAU .. YEE","josiahkhoo":"JOSI..O QI","Jellybeano":"LAN ..XUAN","xyzhang00":"ZHAN..INYI","arsatis":"ANG ..YONG","lyeyixian":"LYE ..XIAN","tjtanjin":"TAN .. JIN","samuelfangjw":"FANG..MUEL"}}
